{
"num_episodes": 1,
"muc_precision": [
0.6324324324324324,
0.0
],
"muc_recall": [
0.365625,
0.0
],
"muc_f1": [
0.4633663366336634,
0.0
],
"b_cubed_precision": [
0.6280802530802531,
0.0
],
"b_cubed_recall": [
0.33042995839112344,
0.0
],
"b_cubed_f1": [
0.4330397932287273,
0.0
],
"ceaf_precision": [
0.6491956338490991,
0.0
],
"ceaf_recall": [
0.33625004625004623,
0.0
],
"ceaf_f1": [
0.44303215553215547,
0.0
],
"average_precision": [
0.6365694397872615,
0.0
],
"average_recall": [
0.34410166821372323,
0.0
],
"average_f1": [
0.4464794284648487,
0.0
]
}