{
"num_episodes": 1,
"muc_precision": [
0.608433734939759,
0.0
],
"muc_recall": [
0.315625,
0.0
],
"muc_f1": [
0.41563786008230447,
0.0
],
"b_cubed_precision": [
0.6275062656641605,
0.0
],
"b_cubed_recall": [
0.29353521343812616,
0.0
],
"b_cubed_f1": [
0.39997153180336836,
0.0
],
"ceaf_precision": [
0.6115125152625153,
0.0
],
"ceaf_recall": [
0.31359616167308474,
0.0
],
"ceaf_f1": [
0.4145847561101798,
0.0
],
"average_precision": [
0.6158175052888115,
0.0
],
"average_recall": [
0.30758545837040363,
0.0
],
"average_f1": [
0.41006471599861755,
0.0
]
}