{
"num_episodes": 1,
"wrong_reconstruction": [
0.032667876588021776,
0.0
],
"label_error": [
0.0054446460980036296,
0.0
],
"entity_error": [
0.056261343012704176,
0.0
],
"format_error": [
0.02722323049001815,
0.0
],
"entity_precision": [
0.664695446481372,
0.0
],
"entity_recall": [
0.6670623145400594,
0.0
],
"entity_f1": [
0.6658767772511849,
0.0
],
"relation_precision": [
0.3543123543123543,
0.0
],
"relation_recall": [
0.31211498973305957,
0.0
],
"relation_f1": [
0.3318777292576419,
0.0
],
"entity_precision_no_type": [
0.7681845062093435,
0.0
],
"entity_recall_no_type": [
0.7709198813056379,
0.0
],
"entity_f1_no_type": [
0.7695497630331753,
0.0
]
}