{
"num_episodes": 1,
"muc_precision": [
0.8387096774193549,
0.0
],
"muc_recall": [
0.1625,
0.0
],
"muc_f1": [
0.27225130890052357,
0.0
],
"b_cubed_precision": [
0.8410000000000001,
0.0
],
"b_cubed_recall": [
0.12527353983664663,
0.0
],
"b_cubed_f1": [
0.2180646424829777,
0.0
],
"ceaf_precision": [
0.7256554848660111,
0.0
],
"ceaf_recall": [
0.14140978679440216,
0.0
],
"ceaf_f1": [
0.23669449291766884,
0.0
],
"average_precision": [
0.8017883874284554,
0.0
],
"average_recall": [
0.14306110887701629,
0.0
],
"average_f1": [
0.2423368147670567,
0.0
]
}