{
"num_episodes": 1,
"wrong_reconstruction": [
0.045372050816696916,
0.0
],
"label_error": [
0.0,
0.0
],
"entity_error": [
0.09618874773139746,
0.0
],
"format_error": [
0.043557168784029036,
0.0
],
"entity_precision": [
0.6305446378439079,
0.0
],
"entity_recall": [
0.6664688427299703,
0.0
],
"entity_f1": [
0.6480092325447201,
0.0
],
"relation_precision": [
0.3297985153764581,
0.0
],
"relation_recall": [
0.3193018480492813,
0.0
],
"relation_f1": [
0.32446531038080334,
0.0
],
"entity_precision_no_type": [
0.7507018528916339,
0.0
],
"entity_recall_no_type": [
0.7934718100890208,
0.0
],
"entity_f1_no_type": [
0.7714945181765724,
0.0
]
}