{
"num_episodes": 1,
"wrong_reconstruction": [
0.025454545454545455,
0.0
],
"label_error": [
0.0,
0.0
],
"entity_error": [
0.06545454545454546,
0.0
],
"format_error": [
0.014545454545454545,
0.0
],
"entity_precision": [
0.6747868453105969,
0.0
],
"entity_recall": [
0.6831072749691739,
0.0
],
"entity_f1": [
0.6789215686274509,
0.0
],
"relation_precision": [
0.34022988505747126,
0.0
],
"relation_recall": [
0.3252747252747253,
0.0
],
"relation_f1": [
0.3325842696629214,
0.0
],
"entity_precision_no_type": [
0.7783191230207065,
0.0
],
"entity_recall_no_type": [
0.7879161528976573,
0.0
],
"entity_f1_no_type": [
0.7830882352941178,
0.0
]
}