{
"num_episodes": 1,
"muc_precision": [
0.8048780487804879,
0.0
],
"muc_recall": [
0.19186046511627908,
0.0
],
"muc_f1": [
0.3098591549295775,
0.0
],
"b_cubed_precision": [
0.821875,
0.0
],
"b_cubed_recall": [
0.16636029411764705,
0.0
],
"b_cubed_f1": [
0.2767101469494047,
0.0
],
"ceaf_precision": [
0.7727398205659075,
0.0
],
"ceaf_recall": [
0.1777301587301587,
0.0
],
"ceaf_f1": [
0.28899212801651825,
0.0
],
"average_precision": [
0.7998309564487984,
0.0
],
"average_recall": [
0.1786503059880283,
0.0
],
"average_f1": [
0.2918538099651668,
0.0
]
}