{
"num_episodes": 1,
"muc_precision": [
0.6666666666666666,
0.0
],
"muc_recall": [
0.4,
0.0
],
"muc_f1": [
0.5,
0.0
],
"b_cubed_precision": [
0.6481727574750831,
0.0
],
"b_cubed_recall": [
0.36539836646632773,
0.0
],
"b_cubed_f1": [
0.46734020173814883,
0.0
],
"ceaf_precision": [
0.649684744409515,
0.0
],
"ceaf_recall": [
0.3631571135417289,
0.0
],
"ceaf_f1": [
0.4658923496094548,
0.0
],
"average_precision": [
0.6548413895170883,
0.0
],
"average_recall": [
0.37618516000268554,
0.0
],
"average_f1": [
0.4777441837825345,
0.0
]
}