{
"num_episodes": 1,
"wrong_reconstruction": [
0.045372050816696916,
0.0
],
"label_error": [
0.0,
0.0
],
"entity_error": [
0.06352087114337568,
0.0
],
"format_error": [
0.02722323049001815,
0.0
],
"entity_precision": [
0.6310160427807486,
0.0
],
"entity_recall": [
0.5602373887240356,
0.0
],
"entity_f1": [
0.593524049041182,
0.0
],
"relation_precision": [
0.29027355623100304,
0.0
],
"relation_recall": [
0.19609856262833675,
0.0
],
"relation_f1": [
0.2340686274509804,
0.0
],
"entity_precision_no_type": [
0.7921122994652406,
0.0
],
"entity_recall_no_type": [
0.7032640949554896,
0.0
],
"entity_f1_no_type": [
0.7450487268154669,
0.0
]
}