{
"num_episodes": 1,
"muc_precision": [
0.616822429906542,
0.0
],
"muc_recall": [
0.38372093023255816,
0.0
],
"muc_f1": [
0.47311827956989244,
0.0
],
"b_cubed_precision": [
0.6053125,
0.0
],
"b_cubed_recall": [
0.37212885154061626,
0.0
],
"b_cubed_f1": [
0.46090590518426444,
0.0
],
"ceaf_precision": [
0.6803384246780471,
0.0
],
"ceaf_recall": [
0.36057936507936494,
0.0
],
"ceaf_f1": [
0.4713455752671437,
0.0
],
"average_precision": [
0.6341577848615297,
0.0
],
"average_recall": [
0.37214304895084643,
0.0
],
"average_f1": [
0.46845658667376683,
0.0
]
}