{
"num_episodes": 1,
"wrong_reconstruction": [
0.02909090909090909,
0.0
],
"label_error": [
0.0,
0.0
],
"entity_error": [
0.06909090909090909,
0.0
],
"format_error": [
0.01090909090909091,
0.0
],
"entity_precision": [
0.6725784447476125,
0.0
],
"entity_recall": [
0.6078914919852034,
0.0
],
"entity_f1": [
0.63860103626943,
0.0
],
"relation_precision": [
0.3065015479876161,
0.0
],
"relation_recall": [
0.2175824175824176,
0.0
],
"relation_f1": [
0.25449871465295626,
0.0
],
"entity_precision_no_type": [
0.7980900409276944,
0.0
],
"entity_recall_no_type": [
0.7213316892725031,
0.0
],
"entity_f1_no_type": [
0.7577720207253886,
0.0
]
}