{
"num_episodes": 1,
"muc_precision": [
0.6576576576576577,
0.0
],
"muc_recall": [
0.42441860465116277,
0.0
],
"muc_f1": [
0.5159010600706714,
0.0
],
"b_cubed_precision": [
0.6460365853658537,
0.0
],
"b_cubed_recall": [
0.4128151260504202,
0.0
],
"b_cubed_f1": [
0.503741310601973,
0.0
],
"ceaf_precision": [
0.7486539665784947,
0.0
],
"ceaf_recall": [
0.39678660228660223,
0.0
],
"ceaf_f1": [
0.5186752971066695,
0.0
],
"average_precision": [
0.6841160698673354,
0.0
],
"average_recall": [
0.4113401109960617,
0.0
],
"average_f1": [
0.5127725559264379,
0.0
]
}