{
"num_episodes": 1,
"wrong_reconstruction": [
0.04,
0.0
],
"label_error": [
0.0,
0.0
],
"entity_error": [
0.09454545454545454,
0.0
],
"format_error": [
0.0036363636363636364,
0.0
],
"entity_precision": [
0.6462668298653611,
0.0
],
"entity_recall": [
0.6510480887792849,
0.0
],
"entity_f1": [
0.6486486486486487,
0.0
],
"relation_precision": [
0.29954954954954954,
0.0
],
"relation_recall": [
0.2923076923076923,
0.0
],
"relation_f1": [
0.29588431590656283,
0.0
],
"entity_precision_no_type": [
0.7564259485924113,
0.0
],
"entity_recall_no_type": [
0.7620221948212084,
0.0
],
"entity_f1_no_type": [
0.7592137592137592,
0.0
]
}