{
"num_episodes": 1,
"wrong_reconstruction": [
0.014545454545454545,
0.0
],
"label_error": [
0.0,
0.0
],
"entity_error": [
0.07636363636363637,
0.0
],
"format_error": [
0.014545454545454545,
0.0
],
"entity_precision": [
0.6654719235364397,
0.0
],
"entity_recall": [
0.686806411837238,
0.0
],
"entity_f1": [
0.6759708737864077,
0.0
],
"relation_precision": [
0.3459915611814346,
0.0
],
"relation_recall": [
0.36043956043956044,
0.0
],
"relation_f1": [
0.35306781485468247,
0.0
],
"entity_precision_no_type": [
0.7682198327359617,
0.0
],
"entity_recall_no_type": [
0.7928483353884094,
0.0
],
"entity_f1_no_type": [
0.7803398058252428,
0.0
]
}