{
"num_episodes": 1,
"wrong_reconstruction": [
0.030852994555353903,
0.0
],
"label_error": [
0.0054446460980036296,
0.0
],
"entity_error": [
0.0780399274047187,
0.0
],
"format_error": [
0.025408348457350273,
0.0
],
"entity_precision": [
0.6559391456992393,
0.0
],
"entity_recall": [
0.6652818991097923,
0.0
],
"entity_f1": [
0.6605774896876841,
0.0
],
"relation_precision": [
0.35108695652173916,
0.0
],
"relation_recall": [
0.3316221765913758,
0.0
],
"relation_f1": [
0.34107708553326294,
0.0
],
"entity_precision_no_type": [
0.7706260971328263,
0.0
],
"entity_recall_no_type": [
0.7816023738872404,
0.0
],
"entity_f1_no_type": [
0.7760754272245138,
0.0
]
}