{
"num_episodes": 1,
"muc_precision": [
0.6978021978021978,
0.0
],
"muc_recall": [
0.396875,
0.0
],
"muc_f1": [
0.50597609561753,
0.0
],
"b_cubed_precision": [
0.6852787456445993,
0.0
],
"b_cubed_recall": [
0.36284635537062737,
0.0
],
"b_cubed_f1": [
0.4744679714840372,
0.0
],
"ceaf_precision": [
0.6819519385065604,
0.0
],
"ceaf_recall": [
0.367204889965071,
0.0
],
"ceaf_f1": [
0.47736635695459234,
0.0
],
"average_precision": [
0.6883442939844526,
0.0
],
"average_recall": [
0.3756420817785661,
0.0
],
"average_f1": [
0.48593680801871986,
0.0
]
}