{
"num_episodes": 1,
"wrong_reconstruction": [
0.05263157894736842,
0.0
],
"label_error": [
0.0,
0.0
],
"entity_error": [
0.0852994555353902,
0.0
],
"format_error": [
0.030852994555353903,
0.0
],
"entity_precision": [
0.6383593298671288,
0.0
],
"entity_recall": [
0.655786350148368,
0.0
],
"entity_f1": [
0.6469555035128807,
0.0
],
"relation_precision": [
0.3197604790419162,
0.0
],
"relation_recall": [
0.2741273100616016,
0.0
],
"relation_f1": [
0.29519071310116085,
0.0
],
"entity_precision_no_type": [
0.7683419988445985,
0.0
],
"entity_recall_no_type": [
0.7893175074183977,
0.0
],
"entity_f1_no_type": [
0.7786885245901639,
0.0
]
}