{
"num_episodes": 1,
"wrong_reconstruction": [
0.03272727272727273,
0.0
],
"label_error": [
0.0,
0.0
],
"entity_error": [
0.08363636363636363,
0.0
],
"format_error": [
0.02181818181818182,
0.0
],
"entity_precision": [
0.6682808716707022,
0.0
],
"entity_recall": [
0.6806411837237978,
0.0
],
"entity_f1": [
0.674404398289554,
0.0
],
"relation_precision": [
0.34963325183374083,
0.0
],
"relation_recall": [
0.3142857142857143,
0.0
],
"relation_f1": [
0.33101851851851855,
0.0
],
"entity_precision_no_type": [
0.7651331719128329,
0.0
],
"entity_recall_no_type": [
0.7792848335388409,
0.0
],
"entity_f1_no_type": [
0.7721441661576053,
0.0
]
}