{
"num_episodes": 1,
"muc_precision": [
0.5772727272727273,
0.0
],
"muc_recall": [
0.396875,
0.0
],
"muc_f1": [
0.4703703703703704,
0.0
],
"b_cubed_precision": [
0.5738129844961241,
0.0
],
"b_cubed_recall": [
0.3771829249499154,
0.0
],
"b_cubed_f1": [
0.4551701173826535,
0.0
],
"ceaf_precision": [
0.6025945617738787,
0.0
],
"ceaf_recall": [
0.38318833671774855,
0.0
],
"ceaf_f1": [
0.4684747690279684,
0.0
],
"average_precision": [
0.58456009118091,
0.0
],
"average_recall": [
0.38574875388922125,
0.0
],
"average_f1": [
0.46467175226033075,
0.0
]
}