{
"num_episodes": 1,
"muc_precision": [
0.6333333333333333,
0.0
],
"muc_recall": [
0.4418604651162791,
0.0
],
"muc_f1": [
0.5205479452054794,
0.0
],
"b_cubed_precision": [
0.615377532228361,
0.0
],
"b_cubed_recall": [
0.4269082633053221,
0.0
],
"b_cubed_f1": [
0.5041031062429644,
0.0
],
"ceaf_precision": [
0.7055082440328341,
0.0
],
"ceaf_recall": [
0.4303600288600288,
0.0
],
"ceaf_f1": [
0.5346087315031414,
0.0
],
"average_precision": [
0.6514063698648428,
0.0
],
"average_recall": [
0.43304291909387665,
0.0
],
"average_f1": [
0.5197532609838617,
0.0
]
}