{
"num_episodes": 1,
"wrong_reconstruction": [
0.02181818181818182,
0.0
],
"label_error": [
0.0,
0.0
],
"entity_error": [
0.08363636363636363,
0.0
],
"format_error": [
0.01818181818181818,
0.0
],
"entity_precision": [
0.6548165137614679,
0.0
],
"entity_recall": [
0.7040690505548706,
0.0
],
"entity_f1": [
0.6785502079619726,
0.0
],
"relation_precision": [
0.31752577319587627,
0.0
],
"relation_recall": [
0.3384615384615385,
0.0
],
"relation_f1": [
0.3276595744680851,
0.0
],
"entity_precision_no_type": [
0.7465596330275229,
0.0
],
"entity_recall_no_type": [
0.8027127003699137,
0.0
],
"entity_f1_no_type": [
0.7736185383244206,
0.0
]
}