{
"num_episodes": 1,
"muc_precision": [
0.6473684210526316,
0.0
],
"muc_recall": [
0.384375,
0.0
],
"muc_f1": [
0.48235294117647065,
0.0
],
"b_cubed_precision": [
0.6278523489932886,
0.0
],
"b_cubed_recall": [
0.3524857451071044,
0.0
],
"b_cubed_f1": [
0.4514952634891317,
0.0
],
"ceaf_precision": [
0.6320097340930674,
0.0
],
"ceaf_recall": [
0.3500361604207758,
0.0
],
"ceaf_f1": [
0.4505415926208005,
0.0
],
"average_precision": [
0.6357435013796625,
0.0
],
"average_recall": [
0.3622989685092934,
0.0
],
"average_f1": [
0.46146326576213426,
0.0
]
}