{
"num_episodes": 1,
"wrong_reconstruction": [
0.047186932849364795,
0.0
],
"label_error": [
0.0,
0.0
],
"entity_error": [
0.07985480943738657,
0.0
],
"format_error": [
0.021778584392014518,
0.0
],
"entity_precision": [
0.6405152224824356,
0.0
],
"entity_recall": [
0.6492581602373887,
0.0
],
"entity_f1": [
0.6448570586501621,
0.0
],
"relation_precision": [
0.29436769394261425,
0.0
],
"relation_recall": [
0.28439425051334705,
0.0
],
"relation_f1": [
0.2892950391644909,
0.0
],
"entity_precision_no_type": [
0.775175644028103,
0.0
],
"entity_recall_no_type": [
0.7857566765578635,
0.0
],
"entity_f1_no_type": [
0.7804302976716769,
0.0
]
}