{
"num_episodes": 1,
"wrong_reconstruction": [
0.02181818181818182,
0.0
],
"label_error": [
0.0,
0.0
],
"entity_error": [
0.04727272727272727,
0.0
],
"format_error": [
0.0036363636363636364,
0.0
],
"entity_precision": [
0.66270783847981,
0.0
],
"entity_recall": [
0.688039457459926,
0.0
],
"entity_f1": [
0.67513611615245,
0.0
],
"relation_precision": [
0.3391304347826087,
0.0
],
"relation_recall": [
0.34285714285714286,
0.0
],
"relation_f1": [
0.3409836065573771,
0.0
],
"entity_precision_no_type": [
0.7565320665083135,
0.0
],
"entity_recall_no_type": [
0.7854500616522812,
0.0
],
"entity_f1_no_type": [
0.7707199032062917,
0.0
]
}