{
"num_episodes": 1,
"muc_precision": [
0.6637168141592921,
0.0
],
"muc_recall": [
0.436046511627907,
0.0
],
"muc_f1": [
0.5263157894736843,
0.0
],
"b_cubed_precision": [
0.6596207087486158,
0.0
],
"b_cubed_recall": [
0.42340686274509803,
0.0
],
"b_cubed_f1": [
0.5157540624893879,
0.0
],
"ceaf_precision": [
0.6961662631154156,
0.0
],
"ceaf_recall": [
0.41073809523809524,
0.0
],
"ceaf_f1": [
0.5166516921233901,
0.0
],
"average_precision": [
0.6731679286744412,
0.0
],
"average_recall": [
0.4233971565370334,
0.0
],
"average_f1": [
0.5195738480288208,
0.0
]
}