{
"num_episodes": 1,
"muc_precision": [
0.6422018348623854,
0.0
],
"muc_recall": [
0.4069767441860465,
0.0
],
"muc_f1": [
0.4982206405693951,
0.0
],
"b_cubed_precision": [
0.6204268292682927,
0.0
],
"b_cubed_recall": [
0.3900560224089636,
0.0
],
"b_cubed_f1": [
0.4789813519715018,
0.0
],
"ceaf_precision": [
0.6829201101928374,
0.0
],
"ceaf_recall": [
0.37560606060606055,
0.0
],
"ceaf_f1": [
0.4846529814271749,
0.0
],
"average_precision": [
0.6485162581078385,
0.0
],
"average_recall": [
0.3908796090670235,
0.0
],
"average_f1": [
0.4872849913226906,
0.0
]
}