{
"num_episodes": 1,
"wrong_reconstruction": [
0.043557168784029036,
0.0
],
"label_error": [
0.0,
0.0
],
"entity_error": [
0.07441016333938294,
0.0
],
"format_error": [
0.032667876588021776,
0.0
],
"entity_precision": [
0.6332964601769911,
0.0
],
"entity_recall": [
0.6795252225519288,
0.0
],
"entity_f1": [
0.6555969081019182,
0.0
],
"relation_precision": [
0.31388329979879276,
0.0
],
"relation_recall": [
0.3203285420944558,
0.0
],
"relation_f1": [
0.31707317073170727,
0.0
],
"entity_precision_no_type": [
0.7555309734513275,
0.0
],
"entity_recall_no_type": [
0.8106824925816024,
0.0
],
"entity_f1_no_type": [
0.7821356999713712,
0.0
]
}