{
"num_episodes": 1,
"wrong_reconstruction": [
0.029038112522686024,
0.0
],
"label_error": [
0.003629764065335753,
0.0
],
"entity_error": [
0.06533575317604355,
0.0
],
"format_error": [
0.02722323049001815,
0.0
],
"entity_precision": [
0.6608391608391608,
0.0
],
"entity_recall": [
0.6729970326409496,
0.0
],
"entity_f1": [
0.6668626874448692,
0.0
],
"relation_precision": [
0.33877995642701525,
0.0
],
"relation_recall": [
0.3193018480492813,
0.0
],
"relation_f1": [
0.328752642706131,
0.0
],
"entity_precision_no_type": [
0.7715617715617715,
0.0
],
"entity_recall_no_type": [
0.7857566765578635,
0.0
],
"entity_f1_no_type": [
0.7785945310202881,
0.0
]
}