{
"num_episodes": 1,
"wrong_reconstruction": [
0.039927404718693285,
0.0
],
"label_error": [
0.0054446460980036296,
0.0
],
"entity_error": [
0.06715063520871144,
0.0
],
"format_error": [
0.030852994555353903,
0.0
],
"entity_precision": [
0.6518950437317784,
0.0
],
"entity_recall": [
0.6635014836795252,
0.0
],
"entity_f1": [
0.6576470588235295,
0.0
],
"relation_precision": [
0.34451901565995524,
0.0
],
"relation_recall": [
0.3162217659137577,
0.0
],
"relation_f1": [
0.3297644539614561,
0.0
],
"entity_precision_no_type": [
0.7679300291545189,
0.0
],
"entity_recall_no_type": [
0.7816023738872404,
0.0
],
"entity_f1_no_type": [
0.7747058823529412,
0.0
]
}