{
"num_episodes": 1,
"wrong_reconstruction": [
0.034482758620689655,
0.0
],
"label_error": [
0.0018148820326678765,
0.0
],
"entity_error": [
0.07259528130671507,
0.0
],
"format_error": [
0.02722323049001815,
0.0
],
"entity_precision": [
0.66090961427749,
0.0
],
"entity_recall": [
0.6813056379821959,
0.0
],
"entity_f1": [
0.6709526592635885,
0.0
],
"relation_precision": [
0.3362541073384447,
0.0
],
"relation_recall": [
0.31519507186858314,
0.0
],
"relation_f1": [
0.3253842077371489,
0.0
],
"entity_precision_no_type": [
0.7697179044329303,
0.0
],
"entity_recall_no_type": [
0.7934718100890208,
0.0
],
"entity_f1_no_type": [
0.7814143775569842,
0.0
]
}