{
"num_episodes": 1,
"wrong_reconstruction": [
0.032667876588021776,
0.0
],
"label_error": [
0.0,
0.0
],
"entity_error": [
0.07622504537205081,
0.0
],
"format_error": [
0.050816696914700546,
0.0
],
"entity_precision": [
0.6395881006864989,
0.0
],
"entity_recall": [
0.6635014836795252,
0.0
],
"entity_f1": [
0.6513253713952811,
0.0
],
"relation_precision": [
0.30672748004561,
0.0
],
"relation_recall": [
0.27618069815195073,
0.0
],
"relation_f1": [
0.2906537007023231,
0.0
],
"entity_precision_no_type": [
0.7608695652173914,
0.0
],
"entity_recall_no_type": [
0.7893175074183977,
0.0
],
"entity_f1_no_type": [
0.7748325080104865,
0.0
]
}