{
"num_episodes": 1,
"muc_precision": [
0.6756756756756757,
0.0
],
"muc_recall": [
0.436046511627907,
0.0
],
"muc_f1": [
0.5300353356890458,
0.0
],
"b_cubed_precision": [
0.6502044989775051,
0.0
],
"b_cubed_recall": [
0.42127100840336135,
0.0
],
"b_cubed_f1": [
0.5112805716338061,
0.0
],
"ceaf_precision": [
0.7658535908535907,
0.0
],
"ceaf_recall": [
0.3982438672438672,
0.0
],
"ceaf_f1": [
0.5240050884787726,
0.0
],
"average_precision": [
0.6972445885022571,
0.0
],
"average_recall": [
0.4185204624250452,
0.0
],
"average_f1": [
0.5217736652672081,
0.0
]
}