{
"num_episodes": 1,
"wrong_reconstruction": [
0.032667876588021776,
0.0
],
"label_error": [
0.003629764065335753,
0.0
],
"entity_error": [
0.06352087114337568,
0.0
],
"format_error": [
0.034482758620689655,
0.0
],
"entity_precision": [
0.6608594657375145,
0.0
],
"entity_recall": [
0.6753709198813056,
0.0
],
"entity_f1": [
0.6680363956560024,
0.0
],
"relation_precision": [
0.34294871794871795,
0.0
],
"relation_recall": [
0.3295687885010267,
0.0
],
"relation_f1": [
0.33612565445026177,
0.0
],
"entity_precision_no_type": [
0.7735191637630662,
0.0
],
"entity_recall_no_type": [
0.7905044510385757,
0.0
],
"entity_f1_no_type": [
0.781919577340769,
0.0
]
}