{
"num_episodes": 1,
"muc_precision": [
0.5970149253731343,
0.0
],
"muc_recall": [
0.25,
0.0
],
"muc_f1": [
0.35242290748898675,
0.0
],
"b_cubed_precision": [
0.613318112633181,
0.0
],
"b_cubed_recall": [
0.22532747726922475,
0.0
],
"b_cubed_f1": [
0.3295728845345484,
0.0
],
"ceaf_precision": [
0.567430804489628,
0.0
],
"ceaf_recall": [
0.24734163272624812,
0.0
],
"ceaf_f1": [
0.34451155986870274,
0.0
],
"average_precision": [
0.5925879474986478,
0.0
],
"average_recall": [
0.24088970333182427,
0.0
],
"average_f1": [
0.3421691172974126,
0.0
]
}