{
"num_episodes": 1,
"muc_precision": [
0.64,
0.0
],
"muc_recall": [
0.4,
0.0
],
"muc_f1": [
0.4923076923076923,
0.0
],
"b_cubed_precision": [
0.6228632478632479,
0.0
],
"b_cubed_recall": [
0.3704469101556481,
0.0
],
"b_cubed_f1": [
0.4645835215873477,
0.0
],
"ceaf_precision": [
0.637947031959637,
0.0
],
"ceaf_recall": [
0.3664106029716889,
0.0
],
"ceaf_f1": [
0.46547275296077745,
0.0
],
"average_precision": [
0.6336034266076284,
0.0
],
"average_recall": [
0.37895250437577904,
0.0
],
"average_f1": [
0.4741213222852725,
0.0
]
}