{
"num_episodes": 1,
"muc_precision": [
0.6226415094339622,
0.0
],
"muc_recall": [
0.38372093023255816,
0.0
],
"muc_f1": [
0.4748201438848922,
0.0
],
"b_cubed_precision": [
0.6318363273453093,
0.0
],
"b_cubed_recall": [
0.3684348739495798,
0.0
],
"b_cubed_f1": [
0.4654548432882567,
0.0
],
"ceaf_precision": [
0.6620005677382726,
0.0
],
"ceaf_recall": [
0.4038203463203463,
0.0
],
"ceaf_f1": [
0.5016401817644054,
0.0
],
"average_precision": [
0.6388261348391814,
0.0
],
"average_recall": [
0.38532538350082807,
0.0
],
"average_f1": [
0.4806383896458514,
0.0
]
}