{
"num_episodes": 1,
"wrong_reconstruction": [
0.02909090909090909,
0.0
],
"label_error": [
0.0,
0.0
],
"entity_error": [
0.06545454545454546,
0.0
],
"format_error": [
0.01090909090909091,
0.0
],
"entity_precision": [
0.6556776556776557,
0.0
],
"entity_recall": [
0.6621454993834772,
0.0
],
"entity_f1": [
0.6588957055214724,
0.0
],
"relation_precision": [
0.32009345794392524,
0.0
],
"relation_recall": [
0.3010989010989011,
0.0
],
"relation_f1": [
0.3103057757644394,
0.0
],
"entity_precision_no_type": [
0.7606837606837606,
0.0
],
"entity_recall_no_type": [
0.7681874229346486,
0.0
],
"entity_f1_no_type": [
0.7644171779141105,
0.0
]
}