{
"num_episodes": 1,
"wrong_reconstruction": [
0.02909090909090909,
0.0
],
"label_error": [
0.0,
0.0
],
"entity_error": [
0.07636363636363637,
0.0
],
"format_error": [
0.02909090909090909,
0.0
],
"entity_precision": [
0.653755868544601,
0.0
],
"entity_recall": [
0.686806411837238,
0.0
],
"entity_f1": [
0.6698737221888154,
0.0
],
"relation_precision": [
0.3232104121475054,
0.0
],
"relation_recall": [
0.3274725274725275,
0.0
],
"relation_f1": [
0.32532751091703055,
0.0
],
"entity_precision_no_type": [
0.7546948356807511,
0.0
],
"entity_recall_no_type": [
0.7928483353884094,
0.0
],
"entity_f1_no_type": [
0.7733012627781118,
0.0
]
}