{
"num_episodes": 1,
"muc_precision": [
0.65,
0.0
],
"muc_recall": [
0.365625,
0.0
],
"muc_f1": [
0.46799999999999997,
0.0
],
"b_cubed_precision": [
0.6605691056910568,
0.0
],
"b_cubed_recall": [
0.33863923562952686,
0.0
],
"b_cubed_f1": [
0.44774369424510224,
0.0
],
"ceaf_precision": [
0.6357821916645447,
0.0
],
"ceaf_recall": [
0.3488651000415707,
0.0
],
"ceaf_f1": [
0.4505211556828231,
0.0
],
"average_precision": [
0.6487837657852006,
0.0
],
"average_recall": [
0.3510431118903658,
0.0
],
"average_f1": [
0.45542161664264175,
0.0
]
}