{
"num_episodes": 1,
"muc_precision": [
0.6098901098901099,
0.0
],
"muc_recall": [
0.346875,
0.0
],
"muc_f1": [
0.44223107569721115,
0.0
],
"b_cubed_precision": [
0.6039488966318235,
0.0
],
"b_cubed_recall": [
0.3200169517645246,
0.0
],
"b_cubed_f1": [
0.41835720499218404,
0.0
],
"ceaf_precision": [
0.5969913419913419,
0.0
],
"ceaf_recall": [
0.3214568764568764,
0.0
],
"ceaf_f1": [
0.41789393939393926,
0.0
],
"average_precision": [
0.6036101161710917,
0.0
],
"average_recall": [
0.3294496094071337,
0.0
],
"average_f1": [
0.4261607400277782,
0.0
]
}