{
"num_episodes": 1,
"muc_precision": [
0.67,
0.0
],
"muc_recall": [
0.38953488372093026,
0.0
],
"muc_f1": [
0.4926470588235294,
0.0
],
"b_cubed_precision": [
0.647986577181208,
0.0
],
"b_cubed_recall": [
0.36355042016806727,
0.0
],
"b_cubed_f1": [
0.4657779063243766,
0.0
],
"ceaf_precision": [
0.7360765085254881,
0.0
],
"ceaf_recall": [
0.36067748917748915,
0.0
],
"ceaf_f1": [
0.4841308579563613,
0.0
],
"average_precision": [
0.6846876952355654,
0.0
],
"average_recall": [
0.3712542643554955,
0.0
],
"average_f1": [
0.48085194103475576,
0.0
]
}