{
"num_episodes": 1,
"muc_precision": [
0.725,
0.0
],
"muc_recall": [
0.3372093023255814,
0.0
],
"muc_f1": [
0.4603174603174603,
0.0
],
"b_cubed_precision": [
0.7508974358974361,
0.0
],
"b_cubed_recall": [
0.33290441176470587,
0.0
],
"b_cubed_f1": [
0.4612966285899676,
0.0
],
"ceaf_precision": [
0.7675396825396824,
0.0
],
"ceaf_recall": [
0.3837698412698412,
0.0
],
"ceaf_f1": [
0.5116931216931215,
0.0
],
"average_precision": [
0.7478123728123728,
0.0
],
"average_recall": [
0.35129451845337617,
0.0
],
"average_f1": [
0.47776907020018317,
0.0
]
}