{
"num_episodes": 1,
"muc_precision": [
0.6601941747572816,
0.0
],
"muc_recall": [
0.3953488372093023,
0.0
],
"muc_f1": [
0.49454545454545457,
0.0
],
"b_cubed_precision": [
0.6427015250544662,
0.0
],
"b_cubed_recall": [
0.378781512605042,
0.0
],
"b_cubed_f1": [
0.47664708436371545,
0.0
],
"ceaf_precision": [
0.7083492063492062,
0.0
],
"ceaf_recall": [
0.3541746031746031,
0.0
],
"ceaf_f1": [
0.4722328042328041,
0.0
],
"average_precision": [
0.6704149687203179,
0.0
],
"average_recall": [
0.3761016509963158,
0.0
],
"average_f1": [
0.4811417810473247,
0.0
]
}