{
"num_episodes": 1,
"muc_precision": [
0.57,
0.0
],
"muc_recall": [
0.35625,
0.0
],
"muc_f1": [
0.4384615384615384,
0.0
],
"b_cubed_precision": [
0.575069573283859,
0.0
],
"b_cubed_recall": [
0.32639543843427343,
0.0
],
"b_cubed_f1": [
0.4164334346031951,
0.0
],
"ceaf_precision": [
0.5974849224849225,
0.0
],
"ceaf_recall": [
0.3309147262993417,
0.0
],
"ceaf_f1": [
0.4259298457318259,
0.0
],
"average_precision": [
0.5808514985895937,
0.0
],
"average_recall": [
0.3378533882445384,
0.0
],
"average_f1": [
0.4269416062655198,
0.0
]
}