{
"num_episodes": 1,
"wrong_reconstruction": [
0.05090909090909091,
0.0
],
"label_error": [
0.0,
0.0
],
"entity_error": [
0.10181818181818182,
0.0
],
"format_error": [
0.01818181818181818,
0.0
],
"entity_precision": [
0.6486810551558753,
0.0
],
"entity_recall": [
0.6670776818742293,
0.0
],
"entity_f1": [
0.6577507598784195,
0.0
],
"relation_precision": [
0.29904306220095694,
0.0
],
"relation_recall": [
0.27472527472527475,
0.0
],
"relation_f1": [
0.286368843069874,
0.0
],
"entity_precision_no_type": [
0.7553956834532374,
0.0
],
"entity_recall_no_type": [
0.7768187422934648,
0.0
],
"entity_f1_no_type": [
0.7659574468085106,
0.0
]
}