{
"num_episodes": 1,
"muc_precision": [
0.7128712871287128,
0.0
],
"muc_recall": [
0.4186046511627907,
0.0
],
"muc_f1": [
0.5274725274725275,
0.0
],
"b_cubed_precision": [
0.663968253968254,
0.0
],
"b_cubed_recall": [
0.3916141456582633,
0.0
],
"b_cubed_f1": [
0.4926557332028003,
0.0
],
"ceaf_precision": [
0.6902302912506993,
0.0
],
"ceaf_recall": [
0.3382128427128427,
0.0
],
"ceaf_f1": [
0.45397697008435256,
0.0
],
"average_precision": [
0.689023277449222,
0.0
],
"average_recall": [
0.3828105465112989,
0.0
],
"average_f1": [
0.49136841025322675,
0.0
]
}