{
"num_episodes": 1,
"muc_precision": [
0.6368159203980099,
0.0
],
"muc_recall": [
0.4,
0.0
],
"muc_f1": [
0.49136276391554695,
0.0
],
"b_cubed_precision": [
0.6187433439829606,
0.0
],
"b_cubed_recall": [
0.3704469101556481,
0.0
],
"b_cubed_f1": [
0.4634327097317786,
0.0
],
"ceaf_precision": [
0.6361613176739228,
0.0
],
"ceaf_recall": [
0.36538496194604797,
0.0
],
"ceaf_f1": [
0.4641698213646864,
0.0
],
"average_precision": [
0.6305735273516312,
0.0
],
"average_recall": [
0.3786106240338987,
0.0
],
"average_f1": [
0.4729884316706707,
0.0
]
}