{
"num_episodes": 1,
"wrong_reconstruction": [
0.041742286751361164,
0.0
],
"label_error": [
0.0,
0.0
],
"entity_error": [
0.07441016333938294,
0.0
],
"format_error": [
0.019963702359346643,
0.0
],
"entity_precision": [
0.6646670665866826,
0.0
],
"entity_recall": [
0.657566765578635,
0.0
],
"entity_f1": [
0.6610978520286396,
0.0
],
"relation_precision": [
0.3178378378378378,
0.0
],
"relation_recall": [
0.30184804928131415,
0.0
],
"relation_f1": [
0.3096366508688783,
0.0
],
"entity_precision_no_type": [
0.7798440311937612,
0.0
],
"entity_recall_no_type": [
0.771513353115727,
0.0
],
"entity_f1_no_type": [
0.7756563245823389,
0.0
]
}