{
"num_episodes": 1,
"wrong_reconstruction": [
0.04363636363636364,
0.0
],
"label_error": [
0.0036363636363636364,
0.0
],
"entity_error": [
0.04,
0.0
],
"format_error": [
0.025454545454545455,
0.0
],
"entity_precision": [
0.6552147239263804,
0.0
],
"entity_recall": [
0.6584463625154131,
0.0
],
"entity_f1": [
0.6568265682656826,
0.0
],
"relation_precision": [
0.31695331695331697,
0.0
],
"relation_recall": [
0.2835164835164835,
0.0
],
"relation_f1": [
0.29930394431554525,
0.0
],
"entity_precision_no_type": [
0.7460122699386503,
0.0
],
"entity_recall_no_type": [
0.749691738594328,
0.0
],
"entity_f1_no_type": [
0.7478474784747848,
0.0
]
}