{
"num_episodes": 1,
"wrong_reconstruction": [
0.02909090909090909,
0.0
],
"label_error": [
0.0,
0.0
],
"entity_error": [
0.07636363636363637,
0.0
],
"format_error": [
0.007272727272727273,
0.0
],
"entity_precision": [
0.6650306748466258,
0.0
],
"entity_recall": [
0.6683107274969173,
0.0
],
"entity_f1": [
0.6666666666666666,
0.0
],
"relation_precision": [
0.31956521739130433,
0.0
],
"relation_recall": [
0.3230769230769231,
0.0
],
"relation_f1": [
0.32131147540983607,
0.0
],
"entity_precision_no_type": [
0.7570552147239263,
0.0
],
"entity_recall_no_type": [
0.7607891491985204,
0.0
],
"entity_f1_no_type": [
0.7589175891758917,
0.0
]
}