{
"num_episodes": 1,
"wrong_reconstruction": [
0.041742286751361164,
0.0
],
"label_error": [
0.0,
0.0
],
"entity_error": [
0.0544464609800363,
0.0
],
"format_error": [
0.021778584392014518,
0.0
],
"entity_precision": [
0.668488160291439,
0.0
],
"entity_recall": [
0.6534124629080119,
0.0
],
"entity_f1": [
0.6608643457382953,
0.0
],
"relation_precision": [
0.3466183574879227,
0.0
],
"relation_recall": [
0.2946611909650924,
0.0
],
"relation_f1": [
0.318534961154273,
0.0
],
"entity_precision_no_type": [
0.7838494231936854,
0.0
],
"entity_recall_no_type": [
0.7661721068249259,
0.0
],
"entity_f1_no_type": [
0.7749099639855942,
0.0
]
}