{
"num_episodes": 1,
"wrong_reconstruction": [
0.03272727272727273,
0.0
],
"label_error": [
0.0,
0.0
],
"entity_error": [
0.05454545454545454,
0.0
],
"format_error": [
0.01090909090909091,
0.0
],
"entity_precision": [
0.6707768187422934,
0.0
],
"entity_recall": [
0.6707768187422934,
0.0
],
"entity_f1": [
0.6707768187422934,
0.0
],
"relation_precision": [
0.336283185840708,
0.0
],
"relation_recall": [
0.33406593406593404,
0.0
],
"relation_f1": [
0.33517089305402425,
0.0
],
"entity_precision_no_type": [
0.7657213316892725,
0.0
],
"entity_recall_no_type": [
0.7657213316892725,
0.0
],
"entity_f1_no_type": [
0.7657213316892725,
0.0
]
}