{
"num_episodes": 1,
"wrong_reconstruction": [
0.056261343012704176,
0.0
],
"label_error": [
0.0,
0.0
],
"entity_error": [
0.07078039927404718,
0.0
],
"format_error": [
0.025408348457350273,
0.0
],
"entity_precision": [
0.6369539551357734,
0.0
],
"entity_recall": [
0.6403560830860534,
0.0
],
"entity_f1": [
0.6386504883101509,
0.0
],
"relation_precision": [
0.3115519253208868,
0.0
],
"relation_recall": [
0.2741273100616016,
0.0
],
"relation_f1": [
0.2916439104314582,
0.0
],
"entity_precision_no_type": [
0.7662337662337663,
0.0
],
"entity_recall_no_type": [
0.770326409495549,
0.0
],
"entity_f1_no_type": [
0.7682746374667062,
0.0
]
}