{
"num_episodes": 1,
"wrong_reconstruction": [
0.0998185117967332,
0.0
],
"label_error": [
0.0018148820326678765,
0.0
],
"entity_error": [
0.06896551724137931,
0.0
],
"format_error": [
0.04900181488203267,
0.0
],
"entity_precision": [
0.6660447761194029,
0.0
],
"entity_recall": [
0.6356083086053412,
0.0
],
"entity_f1": [
0.6504706954145156,
0.0
],
"relation_precision": [
0.33205128205128204,
0.0
],
"relation_recall": [
0.26591375770020537,
0.0
],
"relation_f1": [
0.2953249714937286,
0.0
],
"entity_precision_no_type": [
0.7829601990049752,
0.0
],
"entity_recall_no_type": [
0.7471810089020772,
0.0
],
"entity_f1_no_type": [
0.7646522927421804,
0.0
]
}