{
"num_episodes": 1,
"wrong_reconstruction": [
0.0852994555353902,
0.0
],
"label_error": [
0.0,
0.0
],
"entity_error": [
0.08892921960072596,
0.0
],
"format_error": [
0.036297640653357534,
0.0
],
"entity_precision": [
0.6625487646293888,
0.0
],
"entity_recall": [
0.6047477744807122,
0.0
],
"entity_f1": [
0.6323301272106733,
0.0
],
"relation_precision": [
0.32616940581542353,
0.0
],
"relation_recall": [
0.2648870636550308,
0.0
],
"relation_f1": [
0.2923512747875354,
0.0
],
"entity_precision_no_type": [
0.7945383615084526,
0.0
],
"entity_recall_no_type": [
0.7252225519287834,
0.0
],
"entity_f1_no_type": [
0.7582997207570588,
0.0
]
}