{
"num_episodes": 1,
"wrong_reconstruction": [
0.04900181488203267,
0.0
],
"label_error": [
0.0,
0.0
],
"entity_error": [
0.07622504537205081,
0.0
],
"format_error": [
0.02722323049001815,
0.0
],
"entity_precision": [
0.6578782172002511,
0.0
],
"entity_recall": [
0.6219584569732938,
0.0
],
"entity_f1": [
0.6394142769981697,
0.0
],
"relation_precision": [
0.3317422434367542,
0.0
],
"relation_recall": [
0.28542094455852157,
0.0
],
"relation_f1": [
0.3068432671081677,
0.0
],
"entity_precision_no_type": [
0.7878217200251099,
0.0
],
"entity_recall_no_type": [
0.744807121661721,
0.0
],
"entity_f1_no_type": [
0.7657107992678462,
0.0
]
}