{
"num_episodes": 1,
"wrong_reconstruction": [
0.03636363636363636,
0.0
],
"label_error": [
0.0,
0.0
],
"entity_error": [
0.05818181818181818,
0.0
],
"format_error": [
0.025454545454545455,
0.0
],
"entity_precision": [
0.6633291614518148,
0.0
],
"entity_recall": [
0.6535141800246609,
0.0
],
"entity_f1": [
0.6583850931677019,
0.0
],
"relation_precision": [
0.3225,
0.0
],
"relation_recall": [
0.2835164835164835,
0.0
],
"relation_f1": [
0.30175438596491233,
0.0
],
"entity_precision_no_type": [
0.7622027534418022,
0.0
],
"entity_recall_no_type": [
0.750924784217016,
0.0
],
"entity_f1_no_type": [
0.7565217391304347,
0.0
]
}