{
"num_episodes": 1,
"wrong_reconstruction": [
0.05090909090909091,
0.0
],
"label_error": [
0.0,
0.0
],
"entity_error": [
0.06909090909090909,
0.0
],
"format_error": [
0.0036363636363636364,
0.0
],
"entity_precision": [
0.6687116564417178,
0.0
],
"entity_recall": [
0.6720098643649816,
0.0
],
"entity_f1": [
0.6703567035670358,
0.0
],
"relation_precision": [
0.2938496583143508,
0.0
],
"relation_recall": [
0.2835164835164835,
0.0
],
"relation_f1": [
0.28859060402684567,
0.0
],
"entity_precision_no_type": [
0.7607361963190185,
0.0
],
"entity_recall_no_type": [
0.7644882860665845,
0.0
],
"entity_f1_no_type": [
0.7626076260762608,
0.0
]
}