{
"num_episodes": 1,
"wrong_reconstruction": [
0.05807622504537205,
0.0
],
"label_error": [
0.0,
0.0
],
"entity_error": [
0.10163339382940109,
0.0
],
"format_error": [
0.036297640653357534,
0.0
],
"entity_precision": [
0.638118214716526,
0.0
],
"entity_recall": [
0.627893175074184,
0.0
],
"entity_f1": [
0.6329644032306312,
0.0
],
"relation_precision": [
0.32217090069284066,
0.0
],
"relation_recall": [
0.2864476386036961,
0.0
],
"relation_f1": [
0.30326086956521736,
0.0
],
"entity_precision_no_type": [
0.7708082026537998,
0.0
],
"entity_recall_no_type": [
0.7584569732937686,
0.0
],
"entity_f1_no_type": [
0.7645827101405924,
0.0
]
}