{
"num_episodes": 1,
"wrong_reconstruction": [
0.04900181488203267,
0.0
],
"label_error": [
0.0018148820326678765,
0.0
],
"entity_error": [
0.07622504537205081,
0.0
],
"format_error": [
0.021778584392014518,
0.0
],
"entity_precision": [
0.6635687732342007,
0.0
],
"entity_recall": [
0.6356083086053412,
0.0
],
"entity_f1": [
0.6492876629281601,
0.0
],
"relation_precision": [
0.35430038510911427,
0.0
],
"relation_recall": [
0.28336755646817247,
0.0
],
"relation_f1": [
0.31488876212207645,
0.0
],
"entity_precision_no_type": [
0.781908302354399,
0.0
],
"entity_recall_no_type": [
0.7489614243323442,
0.0
],
"entity_f1_no_type": [
0.7650803273719308,
0.0
]
}