{
"num_episodes": 1,
"wrong_reconstruction": [
0.04,
0.0
],
"label_error": [
0.0,
0.0
],
"entity_error": [
0.10909090909090909,
0.0
],
"format_error": [
0.03272727272727273,
0.0
],
"entity_precision": [
0.673469387755102,
0.0
],
"entity_recall": [
0.6510480887792849,
0.0
],
"entity_f1": [
0.6620689655172415,
0.0
],
"relation_precision": [
0.3302325581395349,
0.0
],
"relation_recall": [
0.3120879120879121,
0.0
],
"relation_f1": [
0.3209039548022599,
0.0
],
"entity_precision_no_type": [
0.7576530612244898,
0.0
],
"entity_recall_no_type": [
0.7324290998766955,
0.0
],
"entity_f1_no_type": [
0.7448275862068966,
0.0
]
}