{
"num_episodes": 1,
"wrong_reconstruction": [
0.06170598911070781,
0.0
],
"label_error": [
0.003629764065335753,
0.0
],
"entity_error": [
0.0998185117967332,
0.0
],
"format_error": [
0.04900181488203267,
0.0
],
"entity_precision": [
0.6411214953271028,
0.0
],
"entity_recall": [
0.6106824925816023,
0.0
],
"entity_f1": [
0.625531914893617,
0.0
],
"relation_precision": [
0.3134502923976608,
0.0
],
"relation_recall": [
0.2751540041067762,
0.0
],
"relation_f1": [
0.2930563149261892,
0.0
],
"entity_precision_no_type": [
0.7651090342679128,
0.0
],
"entity_recall_no_type": [
0.7287833827893175,
0.0
],
"entity_f1_no_type": [
0.7465045592705167,
0.0
]
}