{
"num_episodes": 1,
"wrong_reconstruction": [
0.025454545454545455,
0.0
],
"label_error": [
0.0,
0.0
],
"entity_error": [
0.07272727272727272,
0.0
],
"format_error": [
0.0036363636363636364,
0.0
],
"entity_precision": [
0.672069825436409,
0.0
],
"entity_recall": [
0.6646115906288532,
0.0
],
"entity_f1": [
0.6683199008059516,
0.0
],
"relation_precision": [
0.3341404358353511,
0.0
],
"relation_recall": [
0.3032967032967033,
0.0
],
"relation_f1": [
0.3179723502304147,
0.0
],
"entity_precision_no_type": [
0.7680798004987531,
0.0
],
"entity_recall_no_type": [
0.7595561035758323,
0.0
],
"entity_f1_no_type": [
0.7637941723496591,
0.0
]
}