{
"num_episodes": 1,
"wrong_reconstruction": [
0.05989110707803993,
0.0
],
"label_error": [
0.0,
0.0
],
"entity_error": [
0.08892921960072596,
0.0
],
"format_error": [
0.021778584392014518,
0.0
],
"entity_precision": [
0.664257555847569,
0.0
],
"entity_recall": [
0.6,
0.0
],
"entity_f1": [
0.6304957904583723,
0.0
],
"relation_precision": [
0.3281437125748503,
0.0
],
"relation_recall": [
0.2813141683778234,
0.0
],
"relation_f1": [
0.3029297954671089,
0.0
],
"entity_precision_no_type": [
0.797634691195795,
0.0
],
"entity_recall_no_type": [
0.7204747774480712,
0.0
],
"entity_f1_no_type": [
0.7570938571874025,
0.0
]
}