{
"num_episodes": 1,
"wrong_reconstruction": [
0.014545454545454545,
0.0
],
"label_error": [
0.0,
0.0
],
"entity_error": [
0.05090909090909091,
0.0
],
"format_error": [
0.0,
0.0
],
"entity_precision": [
0.6683107274969173,
0.0
],
"entity_recall": [
0.6683107274969173,
0.0
],
"entity_f1": [
0.6683107274969173,
0.0
],
"relation_precision": [
0.32018561484918795,
0.0
],
"relation_recall": [
0.3032967032967033,
0.0
],
"relation_f1": [
0.3115124153498871,
0.0
],
"entity_precision_no_type": [
0.7657213316892725,
0.0
],
"entity_recall_no_type": [
0.7657213316892725,
0.0
],
"entity_f1_no_type": [
0.7657213316892725,
0.0
]
}