{
"num_episodes": 1,
"wrong_reconstruction": [
0.036297640653357534,
0.0
],
"label_error": [
0.0,
0.0
],
"entity_error": [
0.056261343012704176,
0.0
],
"format_error": [
0.025408348457350273,
0.0
],
"entity_precision": [
0.6725502130249543,
0.0
],
"entity_recall": [
0.655786350148368,
0.0
],
"entity_f1": [
0.6640625,
0.0
],
"relation_precision": [
0.34408602150537637,
0.0
],
"relation_recall": [
0.29568788501026694,
0.0
],
"relation_f1": [
0.3180563224737714,
0.0
],
"entity_precision_no_type": [
0.7821059038344492,
0.0
],
"entity_recall_no_type": [
0.7626112759643917,
0.0
],
"entity_f1_no_type": [
0.772235576923077,
0.0
]
}