{
"num_episodes": 1,
"wrong_reconstruction": [
0.039927404718693285,
0.0
],
"label_error": [
0.0,
0.0
],
"entity_error": [
0.0544464609800363,
0.0
],
"format_error": [
0.023593466424682397,
0.0
],
"entity_precision": [
0.6628468033775633,
0.0
],
"entity_recall": [
0.6522255192878338,
0.0
],
"entity_f1": [
0.6574932695183966,
0.0
],
"relation_precision": [
0.3469626168224299,
0.0
],
"relation_recall": [
0.3049281314168378,
0.0
],
"relation_f1": [
0.32459016393442625,
0.0
],
"entity_precision_no_type": [
0.7792521109770808,
0.0
],
"entity_recall_no_type": [
0.7667655786350148,
0.0
],
"entity_f1_no_type": [
0.7729584205803172,
0.0
]
}