{
"num_episodes": 1,
"wrong_reconstruction": [
0.09090909090909091,
0.0
],
"label_error": [
0.0,
0.0
],
"entity_error": [
0.08727272727272728,
0.0
],
"format_error": [
0.04727272727272727,
0.0
],
"entity_precision": [
0.6619170984455959,
0.0
],
"entity_recall": [
0.6300863131935882,
0.0
],
"entity_f1": [
0.6456096020214782,
0.0
],
"relation_precision": [
0.329608938547486,
0.0
],
"relation_recall": [
0.25934065934065936,
0.0
],
"relation_f1": [
0.2902829028290283,
0.0
],
"entity_precision_no_type": [
0.7590673575129534,
0.0
],
"entity_recall_no_type": [
0.7225647348951911,
0.0
],
"entity_f1_no_type": [
0.7403663929248262,
0.0
]
}