{
"num_episodes": 1,
"wrong_reconstruction": [
0.02181818181818182,
0.0
],
"label_error": [
0.0,
0.0
],
"entity_error": [
0.06545454545454546,
0.0
],
"format_error": [
0.01090909090909091,
0.0
],
"entity_precision": [
0.6532846715328468,
0.0
],
"entity_recall": [
0.6621454993834772,
0.0
],
"entity_f1": [
0.6576852418860992,
0.0
],
"relation_precision": [
0.3202614379084967,
0.0
],
"relation_recall": [
0.3230769230769231,
0.0
],
"relation_f1": [
0.32166301969365424,
0.0
],
"entity_precision_no_type": [
0.7493917274939172,
0.0
],
"entity_recall_no_type": [
0.7595561035758323,
0.0
],
"entity_f1_no_type": [
0.7544396815676668,
0.0
]
}