{
"num_episodes": 1,
"wrong_reconstruction": [
0.02181818181818182,
0.0
],
"label_error": [
0.0,
0.0
],
"entity_error": [
0.08,
0.0
],
"format_error": [
0.03636363636363636,
0.0
],
"entity_precision": [
0.6642066420664207,
0.0
],
"entity_recall": [
0.6658446362515413,
0.0
],
"entity_f1": [
0.665024630541872,
0.0
],
"relation_precision": [
0.32598039215686275,
0.0
],
"relation_recall": [
0.2923076923076923,
0.0
],
"relation_f1": [
0.3082271147161066,
0.0
],
"entity_precision_no_type": [
0.7539975399753998,
0.0
],
"entity_recall_no_type": [
0.7558569667077681,
0.0
],
"entity_f1_no_type": [
0.7549261083743842,
0.0
]
}