{
"num_episodes": 1,
"wrong_reconstruction": [
0.02181818181818182,
0.0
],
"label_error": [
0.0,
0.0
],
"entity_error": [
0.06909090909090909,
0.0
],
"format_error": [
0.0036363636363636364,
0.0
],
"entity_precision": [
0.6729088639200999,
0.0
],
"entity_recall": [
0.6646115906288532,
0.0
],
"entity_f1": [
0.6687344913151364,
0.0
],
"relation_precision": [
0.32281553398058255,
0.0
],
"relation_recall": [
0.2923076923076923,
0.0
],
"relation_f1": [
0.30680507497116494,
0.0
],
"entity_precision_no_type": [
0.766541822721598,
0.0
],
"entity_recall_no_type": [
0.7570900123304563,
0.0
],
"entity_f1_no_type": [
0.7617866004962779,
0.0
]
}