{
"num_episodes": 1,
"wrong_reconstruction": [
0.05090909090909091,
0.0
],
"label_error": [
0.0036363636363636364,
0.0
],
"entity_error": [
0.09454545454545454,
0.0
],
"format_error": [
0.02181818181818182,
0.0
],
"entity_precision": [
0.6824769433465085,
0.0
],
"entity_recall": [
0.6387176325524044,
0.0
],
"entity_f1": [
0.6598726114649681,
0.0
],
"relation_precision": [
0.3460490463215259,
0.0
],
"relation_recall": [
0.27912087912087913,
0.0
],
"relation_f1": [
0.30900243309002434,
0.0
],
"entity_precision_no_type": [
0.7812911725955204,
0.0
],
"entity_recall_no_type": [
0.7311960542540074,
0.0
],
"entity_f1_no_type": [
0.7554140127388534,
0.0
]
}