{
"num_episodes": 1,
"wrong_reconstruction": [
0.04,
0.0
],
"label_error": [
0.0,
0.0
],
"entity_error": [
0.07636363636363637,
0.0
],
"format_error": [
0.01090909090909091,
0.0
],
"entity_precision": [
0.6897404202719407,
0.0
],
"entity_recall": [
0.688039457459926,
0.0
],
"entity_f1": [
0.6888888888888889,
0.0
],
"relation_precision": [
0.34405940594059403,
0.0
],
"relation_recall": [
0.3054945054945055,
0.0
],
"relation_f1": [
0.32363213038416766,
0.0
],
"entity_precision_no_type": [
0.7737948084054388,
0.0
],
"entity_recall_no_type": [
0.7718865598027127,
0.0
],
"entity_f1_no_type": [
0.7728395061728395,
0.0
]
}