{
"num_episodes": 1,
"wrong_reconstruction": [
0.025454545454545455,
0.0
],
"label_error": [
0.0,
0.0
],
"entity_error": [
0.07272727272727272,
0.0
],
"format_error": [
0.007272727272727273,
0.0
],
"entity_precision": [
0.6745098039215687,
0.0
],
"entity_recall": [
0.6362515413070283,
0.0
],
"entity_f1": [
0.6548223350253807,
0.0
],
"relation_precision": [
0.30392156862745096,
0.0
],
"relation_recall": [
0.2725274725274725,
0.0
],
"relation_f1": [
0.28736964078794897,
0.0
],
"entity_precision_no_type": [
0.7699346405228759,
0.0
],
"entity_recall_no_type": [
0.7262638717632552,
0.0
],
"entity_f1_no_type": [
0.7474619289340102,
0.0
]
}