{
"num_episodes": 1,
"wrong_reconstruction": [
0.04900181488203267,
0.0
],
"label_error": [
0.0018148820326678765,
0.0
],
"entity_error": [
0.039927404718693285,
0.0
],
"format_error": [
0.030852994555353903,
0.0
],
"entity_precision": [
0.6656460502143294,
0.0
],
"entity_recall": [
0.6451038575667656,
0.0
],
"entity_f1": [
0.6552139843279084,
0.0
],
"relation_precision": [
0.3753501400560224,
0.0
],
"relation_recall": [
0.2751540041067762,
0.0
],
"relation_f1": [
0.3175355450236967,
0.0
],
"entity_precision_no_type": [
0.7924066135946112,
0.0
],
"entity_recall_no_type": [
0.7679525222551928,
0.0
],
"entity_f1_no_type": [
0.7799879445449065,
0.0
]
}