{
"num_episodes": 1,
"wrong_reconstruction": [
0.06545454545454546,
0.0
],
"label_error": [
0.0,
0.0
],
"entity_error": [
0.07636363636363637,
0.0
],
"format_error": [
0.025454545454545455,
0.0
],
"entity_precision": [
0.689795918367347,
0.0
],
"entity_recall": [
0.625154130702836,
0.0
],
"entity_f1": [
0.6558861578266494,
0.0
],
"relation_precision": [
0.30317848410757947,
0.0
],
"relation_recall": [
0.2725274725274725,
0.0
],
"relation_f1": [
0.287037037037037,
0.0
],
"entity_precision_no_type": [
0.7986394557823129,
0.0
],
"entity_recall_no_type": [
0.7237977805178791,
0.0
],
"entity_f1_no_type": [
0.759379042690815,
0.0
]
}