{
"num_episodes": 1,
"wrong_reconstruction": [
0.03272727272727273,
0.0
],
"label_error": [
0.0,
0.0
],
"entity_error": [
0.07272727272727272,
0.0
],
"format_error": [
0.03272727272727273,
0.0
],
"entity_precision": [
0.6762860727728983,
0.0
],
"entity_recall": [
0.6646115906288532,
0.0
],
"entity_f1": [
0.6703980099502487,
0.0
],
"relation_precision": [
0.345679012345679,
0.0
],
"relation_recall": [
0.3076923076923077,
0.0
],
"relation_f1": [
0.3255813953488372,
0.0
],
"entity_precision_no_type": [
0.7691342534504392,
0.0
],
"entity_recall_no_type": [
0.7558569667077681,
0.0
],
"entity_f1_no_type": [
0.7624378109452736,
0.0
]
}