{
"num_episodes": 1,
"wrong_reconstruction": [
0.050816696914700546,
0.0
],
"label_error": [
0.0,
0.0
],
"entity_error": [
0.06896551724137931,
0.0
],
"format_error": [
0.039927404718693285,
0.0
],
"entity_precision": [
0.6454869358669834,
0.0
],
"entity_recall": [
0.6451038575667656,
0.0
],
"entity_f1": [
0.645295339863461,
0.0
],
"relation_precision": [
0.33607520564042304,
0.0
],
"relation_recall": [
0.2936344969199179,
0.0
],
"relation_f1": [
0.3134246575342466,
0.0
],
"entity_precision_no_type": [
0.767814726840855,
0.0
],
"entity_recall_no_type": [
0.7673590504451039,
0.0
],
"entity_f1_no_type": [
0.7675868210151379,
0.0
]
}