{
"num_episodes": 1,
"wrong_reconstruction": [
0.041742286751361164,
0.0
],
"label_error": [
0.0,
0.0
],
"entity_error": [
0.05807622504537205,
0.0
],
"format_error": [
0.023593466424682397,
0.0
],
"entity_precision": [
0.6697303921568627,
0.0
],
"entity_recall": [
0.6486646884272997,
0.0
],
"entity_f1": [
0.6590292432921314,
0.0
],
"relation_precision": [
0.3419434194341943,
0.0
],
"relation_recall": [
0.28542094455852157,
0.0
],
"relation_f1": [
0.3111359820928931,
0.0
],
"entity_precision_no_type": [
0.7849264705882353,
0.0
],
"entity_recall_no_type": [
0.7602373887240356,
0.0
],
"entity_f1_no_type": [
0.7723846849562858,
0.0
]
}