{
"num_episodes": 1,
"wrong_reconstruction": [
0.043557168784029036,
0.0
],
"label_error": [
0.0,
0.0
],
"entity_error": [
0.07078039927404718,
0.0
],
"format_error": [
0.025408348457350273,
0.0
],
"entity_precision": [
0.6575829383886256,
0.0
],
"entity_recall": [
0.658753709198813,
0.0
],
"entity_f1": [
0.6581678031426029,
0.0
],
"relation_precision": [
0.3425414364640884,
0.0
],
"relation_recall": [
0.3182751540041068,
0.0
],
"relation_f1": [
0.3299627461415647,
0.0
],
"entity_precision_no_type": [
0.7719194312796208,
0.0
],
"entity_recall_no_type": [
0.7732937685459941,
0.0
],
"entity_f1_no_type": [
0.7726059887340647,
0.0
]
}