{
"num_episodes": 1,
"wrong_reconstruction": [
0.05818181818181818,
0.0
],
"label_error": [
0.0,
0.0
],
"entity_error": [
0.04363636363636364,
0.0
],
"format_error": [
0.01090909090909091,
0.0
],
"entity_precision": [
0.6742424242424242,
0.0
],
"entity_recall": [
0.6584463625154131,
0.0
],
"entity_f1": [
0.6662507797878977,
0.0
],
"relation_precision": [
0.37714285714285717,
0.0
],
"relation_recall": [
0.29010989010989013,
0.0
],
"relation_f1": [
0.32795031055900625,
0.0
],
"entity_precision_no_type": [
0.7752525252525253,
0.0
],
"entity_recall_no_type": [
0.7570900123304563,
0.0
],
"entity_f1_no_type": [
0.7660636306924516,
0.0
]
}