{
"num_episodes": 1,
"wrong_reconstruction": [
0.050816696914700546,
0.0
],
"label_error": [
0.0,
0.0
],
"entity_error": [
0.06896551724137931,
0.0
],
"format_error": [
0.034482758620689655,
0.0
],
"entity_precision": [
0.656590084643289,
0.0
],
"entity_recall": [
0.6445103857566765,
0.0
],
"entity_f1": [
0.6504941599281222,
0.0
],
"relation_precision": [
0.32886723507917176,
0.0
],
"relation_recall": [
0.27720739219712526,
0.0
],
"relation_f1": [
0.30083565459610023,
0.0
],
"entity_precision_no_type": [
0.7877871825876662,
0.0
],
"entity_recall_no_type": [
0.7732937685459941,
0.0
],
"entity_f1_no_type": [
0.7804731955675352,
0.0
]
}