{
"num_episodes": 1,
"wrong_reconstruction": [
0.04,
0.0
],
"label_error": [
0.0,
0.0
],
"entity_error": [
0.05454545454545454,
0.0
],
"format_error": [
0.01818181818181818,
0.0
],
"entity_precision": [
0.682741116751269,
0.0
],
"entity_recall": [
0.6633785450061652,
0.0
],
"entity_f1": [
0.6729205753595998,
0.0
],
"relation_precision": [
0.3697916666666667,
0.0
],
"relation_recall": [
0.3120879120879121,
0.0
],
"relation_f1": [
0.33849821215733017,
0.0
],
"entity_precision_no_type": [
0.7728426395939086,
0.0
],
"entity_recall_no_type": [
0.750924784217016,
0.0
],
"entity_f1_no_type": [
0.7617260787992495,
0.0
]
}