{
"num_episodes": 1,
"wrong_reconstruction": [
0.0544464609800363,
0.0
],
"label_error": [
0.0,
0.0
],
"entity_error": [
0.08166969147005444,
0.0
],
"format_error": [
0.039927404718693285,
0.0
],
"entity_precision": [
0.6554419723391461,
0.0
],
"entity_recall": [
0.6468842729970327,
0.0
],
"entity_f1": [
0.6511350059737158,
0.0
],
"relation_precision": [
0.3246753246753247,
0.0
],
"relation_recall": [
0.28234086242299794,
0.0
],
"relation_f1": [
0.30203185063152116,
0.0
],
"entity_precision_no_type": [
0.7720986169573061,
0.0
],
"entity_recall_no_type": [
0.7620178041543026,
0.0
],
"entity_f1_no_type": [
0.7670250896057349,
0.0
]
}