{
"num_episodes": 1,
"wrong_reconstruction": [
0.056261343012704176,
0.0
],
"label_error": [
0.0,
0.0
],
"entity_error": [
0.08166969147005444,
0.0
],
"format_error": [
0.045372050816696916,
0.0
],
"entity_precision": [
0.6386603995299648,
0.0
],
"entity_recall": [
0.6451038575667656,
0.0
],
"entity_f1": [
0.6418659580749927,
0.0
],
"relation_precision": [
0.32889963724304716,
0.0
],
"relation_recall": [
0.2792607802874743,
0.0
],
"relation_f1": [
0.3020544142143254,
0.0
],
"entity_precision_no_type": [
0.7591069330199764,
0.0
],
"entity_recall_no_type": [
0.7667655786350148,
0.0
],
"entity_f1_no_type": [
0.7629170357248303,
0.0
]
}