{
"num_episodes": 1,
"wrong_reconstruction": [
0.01818181818181818,
0.0
],
"label_error": [
0.0,
0.0
],
"entity_error": [
0.06909090909090909,
0.0
],
"format_error": [
0.0,
0.0
],
"entity_precision": [
0.670440251572327,
0.0
],
"entity_recall": [
0.657213316892725,
0.0
],
"entity_f1": [
0.663760896637609,
0.0
],
"relation_precision": [
0.32107843137254904,
0.0
],
"relation_recall": [
0.2879120879120879,
0.0
],
"relation_f1": [
0.30359212050984935,
0.0
],
"entity_precision_no_type": [
0.7685534591194969,
0.0
],
"entity_recall_no_type": [
0.7533908754623921,
0.0
],
"entity_f1_no_type": [
0.7608966376089664,
0.0
]
}