{
"num_episodes": 1,
"wrong_reconstruction": [
0.045372050816696916,
0.0
],
"label_error": [
0.0018148820326678765,
0.0
],
"entity_error": [
0.06896551724137931,
0.0
],
"format_error": [
0.032667876588021776,
0.0
],
"entity_precision": [
0.6550898203592814,
0.0
],
"entity_recall": [
0.6492581602373887,
0.0
],
"entity_f1": [
0.652160953800298,
0.0
],
"relation_precision": [
0.33406352683461116,
0.0
],
"relation_recall": [
0.3131416837782341,
0.0
],
"relation_f1": [
0.32326444091149975,
0.0
],
"entity_precision_no_type": [
0.7790419161676647,
0.0
],
"entity_recall_no_type": [
0.7721068249258161,
0.0
],
"entity_f1_no_type": [
0.775558867362146,
0.0
]
}