{
"num_episodes": 1,
"muc_precision": [
0.6666666666666666,
0.0
],
"muc_recall": [
0.3488372093023256,
0.0
],
"muc_f1": [
0.4580152671755725,
0.0
],
"b_cubed_precision": [
0.6469260838663823,
0.0
],
"b_cubed_recall": [
0.3289915966386555,
0.0
],
"b_cubed_f1": [
0.4361704875113085,
0.0
],
"ceaf_precision": [
0.6876902138265775,
0.0
],
"ceaf_recall": [
0.30258369408369407,
0.0
],
"ceaf_f1": [
0.4202551306717973,
0.0
],
"average_precision": [
0.6670943214532089,
0.0
],
"average_recall": [
0.32680416667489176,
0.0
],
"average_f1": [
0.4381469617862261,
0.0
]
}