{
"num_episodes": 1,
"muc_precision": [
0.6666666666666666,
0.0
],
"muc_recall": [
0.38372093023255816,
0.0
],
"muc_f1": [
0.48708487084870844,
0.0
],
"b_cubed_precision": [
0.660882070949185,
0.0
],
"b_cubed_recall": [
0.3542979691876751,
0.0
],
"b_cubed_f1": [
0.46129586152673924,
0.0
],
"ceaf_precision": [
0.7068109668109668,
0.0
],
"ceaf_recall": [
0.3534054834054834,
0.0
],
"ceaf_f1": [
0.4712073112073112,
0.0
],
"average_precision": [
0.6781199014756062,
0.0
],
"average_recall": [
0.36380812760857223,
0.0
],
"average_f1": [
0.47319601452758625,
0.0
]
}