{
"num_episodes": 1,
"wrong_reconstruction": [
0.047186932849364795,
0.0
],
"label_error": [
0.0,
0.0
],
"entity_error": [
0.09618874773139746,
0.0
],
"format_error": [
0.02722323049001815,
0.0
],
"entity_precision": [
0.634703196347032,
0.0
],
"entity_recall": [
0.6599406528189911,
0.0
],
"entity_f1": [
0.6470759383183008,
0.0
],
"relation_precision": [
0.3356242840778923,
0.0
],
"relation_recall": [
0.3008213552361396,
0.0
],
"relation_f1": [
0.31727125067677314,
0.0
],
"entity_precision_no_type": [
0.7528538812785388,
0.0
],
"entity_recall_no_type": [
0.7827893175074184,
0.0
],
"entity_f1_no_type": [
0.7675298225196392,
0.0
]
}