{
"num_episodes": 1,
"muc_precision": [
0.6942148760330579,
0.0
],
"muc_recall": [
0.2625,
0.0
],
"muc_f1": [
0.380952380952381,
0.0
],
"b_cubed_precision": [
0.7071189279731992,
0.0
],
"b_cubed_recall": [
0.2314886731391585,
0.0
],
"b_cubed_f1": [
0.34879330232167016,
0.0
],
"ceaf_precision": [
0.652083102083102,
0.0
],
"ceaf_recall": [
0.26083324083324083,
0.0
],
"ceaf_f1": [
0.3726189154760583,
0.0
],
"average_precision": [
0.6844723020297864,
0.0
],
"average_recall": [
0.25160730465746645,
0.0
],
"average_f1": [
0.36745486625003654,
0.0
]
}