{
"num_episodes": 1,
"wrong_reconstruction": [
0.02181818181818182,
0.0
],
"label_error": [
0.0,
0.0
],
"entity_error": [
0.05454545454545454,
0.0
],
"format_error": [
0.01090909090909091,
0.0
],
"entity_precision": [
0.6590361445783133,
0.0
],
"entity_recall": [
0.6744759556103576,
0.0
],
"entity_f1": [
0.6666666666666666,
0.0
],
"relation_precision": [
0.3127853881278539,
0.0
],
"relation_recall": [
0.3010989010989011,
0.0
],
"relation_f1": [
0.3068309070548712,
0.0
],
"entity_precision_no_type": [
0.755421686746988,
0.0
],
"entity_recall_no_type": [
0.7731196054254007,
0.0
],
"entity_f1_no_type": [
0.7641681901279707,
0.0
]
}