{
"num_episodes": 1,
"wrong_reconstruction": [
0.036297640653357534,
0.0
],
"label_error": [
0.0,
0.0
],
"entity_error": [
0.0544464609800363,
0.0
],
"format_error": [
0.019963702359346643,
0.0
],
"entity_precision": [
0.6549502050380785,
0.0
],
"entity_recall": [
0.6635014836795252,
0.0
],
"entity_f1": [
0.6591981132075472,
0.0
],
"relation_precision": [
0.35348837209302325,
0.0
],
"relation_recall": [
0.31211498973305957,
0.0
],
"relation_f1": [
0.33151581243184297,
0.0
],
"entity_precision_no_type": [
0.7697715289982425,
0.0
],
"entity_recall_no_type": [
0.7798219584569733,
0.0
],
"entity_f1_no_type": [
0.7747641509433962,
0.0
]
}