{
"num_episodes": 1,
"muc_precision": [
0.6206896551724138,
0.0
],
"muc_recall": [
0.4186046511627907,
0.0
],
"muc_f1": [
0.5,
0.0
],
"b_cubed_precision": [
0.590971648775117,
0.0
],
"b_cubed_recall": [
0.4045430672268908,
0.0
],
"b_cubed_f1": [
0.48030125440985744,
0.0
],
"ceaf_precision": [
0.6589848747743484,
0.0
],
"ceaf_recall": [
0.3756213786213786,
0.0
],
"ceaf_f1": [
0.4784985714922021,
0.0
],
"average_precision": [
0.6235487262406264,
0.0
],
"average_recall": [
0.39958969900368674,
0.0
],
"average_f1": [
0.4862666086340199,
0.0
]
}