{
"num_episodes": 1,
"muc_precision": [
0.6354166666666666,
0.0
],
"muc_recall": [
0.3546511627906977,
0.0
],
"muc_f1": [
0.4552238805970149,
0.0
],
"b_cubed_precision": [
0.6318693693693693,
0.0
],
"b_cubed_recall": [
0.32476365546218494,
0.0
],
"b_cubed_f1": [
0.4290217896400041,
0.0
],
"ceaf_precision": [
0.6452509029432106,
0.0
],
"ceaf_recall": [
0.3355304695304695,
0.0
],
"ceaf_f1": [
0.4414874599085125,
0.0
],
"average_precision": [
0.6375123129930822,
0.0
],
"average_recall": [
0.3383150959277841,
0.0
],
"average_f1": [
0.44191104338184384,
0.0
]
}