{
"num_episodes": 1,
"muc_precision": [
0.6597938144329897,
0.0
],
"muc_recall": [
0.37209302325581395,
0.0
],
"muc_f1": [
0.4758364312267657,
0.0
],
"b_cubed_precision": [
0.6515270935960591,
0.0
],
"b_cubed_recall": [
0.34204306722689076,
0.0
],
"b_cubed_f1": [
0.4485849802301553,
0.0
],
"ceaf_precision": [
0.6987614237614238,
0.0
],
"ceaf_recall": [
0.33540548340548343,
0.0
],
"ceaf_f1": [
0.4532506532506532,
0.0
],
"average_precision": [
0.6700274439301576,
0.0
],
"average_recall": [
0.34984719129606273,
0.0
],
"average_f1": [
0.4592240215691914,
0.0
]
}