{
"num_episodes": 1,
"muc_precision": [
0.6494845360824743,
0.0
],
"muc_recall": [
0.36627906976744184,
0.0
],
"muc_f1": [
0.4684014869888475,
0.0
],
"b_cubed_precision": [
0.6447072072072073,
0.0
],
"b_cubed_recall": [
0.3461484593837535,
0.0
],
"b_cubed_f1": [
0.4504478584578809,
0.0
],
"ceaf_precision": [
0.6766955266955267,
0.0
],
"ceaf_recall": [
0.3451147186147186,
0.0
],
"ceaf_f1": [
0.4571055875691637,
0.0
],
"average_precision": [
0.6569624233284027,
0.0
],
"average_recall": [
0.352514082588638,
0.0
],
"average_f1": [
0.45865164433863065,
0.0
]
}