{
"num_episodes": 1,
"muc_precision": [
0.6526315789473685,
0.0
],
"muc_recall": [
0.3875,
0.0
],
"muc_f1": [
0.4862745098039216,
0.0
],
"b_cubed_precision": [
0.6452740492170022,
0.0
],
"b_cubed_recall": [
0.3612513484358145,
0.0
],
"b_cubed_f1": [
0.46318974351541603,
0.0
],
"ceaf_precision": [
0.6296534831665551,
0.0
],
"ceaf_recall": [
0.3487311599076305,
0.0
],
"ceaf_f1": [
0.44886188899001944,
0.0
],
"average_precision": [
0.6425197037769753,
0.0
],
"average_recall": [
0.36582750278114834,
0.0
],
"average_f1": [
0.46610871410311905,
0.0
]
}