{
"num_episodes": 1,
"wrong_reconstruction": [
0.01818181818181818,
0.0
],
"label_error": [
0.0,
0.0
],
"entity_error": [
0.04727272727272727,
0.0
],
"format_error": [
0.0036363636363636364,
0.0
],
"entity_precision": [
0.6760736196319018,
0.0
],
"entity_recall": [
0.6794081381011098,
0.0
],
"entity_f1": [
0.6777367773677737,
0.0
],
"relation_precision": [
0.35340314136125656,
0.0
],
"relation_recall": [
0.2967032967032967,
0.0
],
"relation_f1": [
0.32258064516129037,
0.0
],
"entity_precision_no_type": [
0.7631901840490798,
0.0
],
"entity_recall_no_type": [
0.7669543773119606,
0.0
],
"entity_f1_no_type": [
0.7650676506765068,
0.0
]
}