{
"num_episodes": 1,
"muc_precision": [
0.6470588235294118,
0.0
],
"muc_recall": [
0.38372093023255816,
0.0
],
"muc_f1": [
0.4817518248175182,
0.0
],
"b_cubed_precision": [
0.6349462365591398,
0.0
],
"b_cubed_recall": [
0.3604254201680673,
0.0
],
"b_cubed_f1": [
0.4598297782527279,
0.0
],
"ceaf_precision": [
0.6506125949522175,
0.0
],
"ceaf_recall": [
0.34482467532467526,
0.0
],
"ceaf_f1": [
0.4507512095747389,
0.0
],
"average_precision": [
0.6442058850135898,
0.0
],
"average_recall": [
0.36299034190843354,
0.0
],
"average_f1": [
0.4641109375483284,
0.0
]
}