{
"num_episodes": 1,
"wrong_reconstruction": [
0.02181818181818182,
0.0
],
"label_error": [
0.0,
0.0
],
"entity_error": [
0.05090909090909091,
0.0
],
"format_error": [
0.02181818181818182,
0.0
],
"entity_precision": [
0.660217654171705,
0.0
],
"entity_recall": [
0.6732429099876696,
0.0
],
"entity_f1": [
0.6666666666666666,
0.0
],
"relation_precision": [
0.3644067796610169,
0.0
],
"relation_recall": [
0.2835164835164835,
0.0
],
"relation_f1": [
0.31891223733003704,
0.0
],
"entity_precision_no_type": [
0.7605804111245466,
0.0
],
"entity_recall_no_type": [
0.7755856966707768,
0.0
],
"entity_f1_no_type": [
0.7680097680097681,
0.0
]
}