{
"num_episodes": 1,
"muc_precision": [
0.6442307692307693,
0.0
],
"muc_recall": [
0.38953488372093026,
0.0
],
"muc_f1": [
0.4855072463768116,
0.0
],
"b_cubed_precision": [
0.6438428874734607,
0.0
],
"b_cubed_recall": [
0.363734243697479,
0.0
],
"b_cubed_f1": [
0.4648531581160497,
0.0
],
"ceaf_precision": [
0.7173173786381334,
0.0
],
"ceaf_recall": [
0.38017821067821067,
0.0
],
"ceaf_f1": [
0.49696498127870675,
0.0
],
"average_precision": [
0.6684636784474544,
0.0
],
"average_recall": [
0.37781577936553995,
0.0
],
"average_f1": [
0.48244179525718933,
0.0
]
}