{
"num_episodes": 1,
"wrong_reconstruction": [
0.07985480943738657,
0.0
],
"label_error": [
0.0,
0.0
],
"entity_error": [
0.11978221415607986,
0.0
],
"format_error": [
0.023593466424682397,
0.0
],
"entity_precision": [
0.6357808857808858,
0.0
],
"entity_recall": [
0.6474777448071216,
0.0
],
"entity_f1": [
0.641576007056748,
0.0
],
"relation_precision": [
0.2831858407079646,
0.0
],
"relation_recall": [
0.29568788501026694,
0.0
],
"relation_f1": [
0.28930185836263184,
0.0
],
"entity_precision_no_type": [
0.7511655011655012,
0.0
],
"entity_recall_no_type": [
0.7649851632047477,
0.0
],
"entity_f1_no_type": [
0.7580123493090267,
0.0
]
}