{
"num_episodes": 1,
"wrong_reconstruction": [
0.03636363636363636,
0.0
],
"label_error": [
0.0,
0.0
],
"entity_error": [
0.06545454545454546,
0.0
],
"format_error": [
0.02181818181818182,
0.0
],
"entity_precision": [
0.652605459057072,
0.0
],
"entity_recall": [
0.6485819975339088,
0.0
],
"entity_f1": [
0.6505875077303649,
0.0
],
"relation_precision": [
0.2733644859813084,
0.0
],
"relation_recall": [
0.2571428571428571,
0.0
],
"relation_f1": [
0.2650056625141563,
0.0
],
"entity_precision_no_type": [
0.7617866004962779,
0.0
],
"entity_recall_no_type": [
0.7570900123304563,
0.0
],
"entity_f1_no_type": [
0.7594310451453309,
0.0
]
}