{
"num_episodes": 1,
"muc_precision": [
0.654320987654321,
0.0
],
"muc_recall": [
0.33125,
0.0
],
"muc_f1": [
0.4398340248962655,
0.0
],
"b_cubed_precision": [
0.6644017094017092,
0.0
],
"b_cubed_recall": [
0.30009092310063185,
0.0
],
"b_cubed_f1": [
0.4134420846050635,
0.0
],
"ceaf_precision": [
0.6318999028182701,
0.0
],
"ceaf_recall": [
0.31757020757020754,
0.0
],
"ceaf_f1": [
0.42270437185112947,
0.0
],
"average_precision": [
0.6502075332914334,
0.0
],
"average_recall": [
0.3163037102236131,
0.0
],
"average_f1": [
0.42532682711748615,
0.0
]
}