{
"num_episodes": 1,
"muc_precision": [
0.6666666666666666,
0.0
],
"muc_recall": [
0.3953488372093023,
0.0
],
"muc_f1": [
0.49635036496350365,
0.0
],
"b_cubed_precision": [
0.64878587196468,
0.0
],
"b_cubed_recall": [
0.36967787114845946,
0.0
],
"b_cubed_f1": [
0.4709873701462856,
0.0
],
"ceaf_precision": [
0.6929116235238684,
0.0
],
"ceaf_recall": [
0.33952669552669545,
0.0
],
"ceaf_f1": [
0.45574053090831607,
0.0
],
"average_precision": [
0.669454720718405,
0.0
],
"average_recall": [
0.3681844679614857,
0.0
],
"average_f1": [
0.47435942200603515,
0.0
]
}