{
"num_episodes": 1,
"muc_precision": [
0.6909090909090909,
0.0
],
"muc_recall": [
0.35625,
0.0
],
"muc_f1": [
0.4701030927835052,
0.0
],
"b_cubed_precision": [
0.6830450148809524,
0.0
],
"b_cubed_recall": [
0.32110802897210666,
0.0
],
"b_cubed_f1": [
0.4368482270113824,
0.0
],
"ceaf_precision": [
0.675460020838172,
0.0
],
"ceaf_recall": [
0.315214676391147,
0.0
],
"ceaf_f1": [
0.4298381950788368,
0.0
],
"average_precision": [
0.683138042209405,
0.0
],
"average_recall": [
0.3308575684544179,
0.0
],
"average_f1": [
0.4455965049579081,
0.0
]
}