{
"num_episodes": 1,
"muc_precision": [
0.717948717948718,
0.0
],
"muc_recall": [
0.32558139534883723,
0.0
],
"muc_f1": [
0.448,
0.0
],
"b_cubed_precision": [
0.7315860215053764,
0.0
],
"b_cubed_recall": [
0.2977415966386555,
0.0
],
"b_cubed_f1": [
0.423234714160857,
0.0
],
"ceaf_precision": [
0.6846932053453794,
0.0
],
"ceaf_recall": [
0.3149588744588745,
0.0
],
"ceaf_f1": [
0.43145051295736236,
0.0
],
"average_precision": [
0.7114093149331578,
0.0
],
"average_recall": [
0.3127606221487891,
0.0
],
"average_f1": [
0.4342284090394064,
0.0
]
}