{
"num_episodes": 1,
"wrong_reconstruction": [
0.036297640653357534,
0.0
],
"label_error": [
0.0,
0.0
],
"entity_error": [
0.05807622504537205,
0.0
],
"format_error": [
0.019963702359346643,
0.0
],
"entity_precision": [
0.6574618096357226,
0.0
],
"entity_recall": [
0.6640949554896143,
0.0
],
"entity_f1": [
0.6607617360496014,
0.0
],
"relation_precision": [
0.3568075117370892,
0.0
],
"relation_recall": [
0.31211498973305957,
0.0
],
"relation_f1": [
0.3329682365826944,
0.0
],
"entity_precision_no_type": [
0.7714453584018801,
0.0
],
"entity_recall_no_type": [
0.7792284866468843,
0.0
],
"entity_f1_no_type": [
0.7753173900206674,
0.0
]
}