{
"num_episodes": 1,
"wrong_reconstruction": [
0.025454545454545455,
0.0
],
"label_error": [
0.0,
0.0
],
"entity_error": [
0.05818181818181818,
0.0
],
"format_error": [
0.01090909090909091,
0.0
],
"entity_precision": [
0.6598311218335344,
0.0
],
"entity_recall": [
0.6744759556103576,
0.0
],
"entity_f1": [
0.6670731707317072,
0.0
],
"relation_precision": [
0.315668202764977,
0.0
],
"relation_recall": [
0.3010989010989011,
0.0
],
"relation_f1": [
0.30821147356580425,
0.0
],
"entity_precision_no_type": [
0.7563329312424608,
0.0
],
"entity_recall_no_type": [
0.7731196054254007,
0.0
],
"entity_f1_no_type": [
0.7646341463414633,
0.0
]
}