{
"num_episodes": 1,
"muc_precision": [
0.6474358974358975,
0.0
],
"muc_recall": [
0.315625,
0.0
],
"muc_f1": [
0.4243697478991597,
0.0
],
"b_cubed_precision": [
0.6698380566801618,
0.0
],
"b_cubed_recall": [
0.2916674372014178,
0.0
],
"b_cubed_f1": [
0.4063834280201063,
0.0
],
"ceaf_precision": [
0.6424200449410533,
0.0
],
"ceaf_recall": [
0.29979602097249153,
0.0
],
"ceaf_f1": [
0.4088127558715794,
0.0
],
"average_precision": [
0.6532313330190375,
0.0
],
"average_recall": [
0.3023628193913031,
0.0
],
"average_f1": [
0.4131886439302818,
0.0
]
}