{
"num_episodes": 1,
"muc_precision": [
0.6095238095238096,
0.0
],
"muc_recall": [
0.37209302325581395,
0.0
],
"muc_f1": [
0.4620938628158845,
0.0
],
"b_cubed_precision": [
0.589327485380117,
0.0
],
"b_cubed_recall": [
0.3567139355742296,
0.0
],
"b_cubed_f1": [
0.4444230918344758,
0.0
],
"ceaf_precision": [
0.6785069540388691,
0.0
],
"ceaf_recall": [
0.31889826839826846,
0.0
],
"ceaf_f1": [
0.433875195099685,
0.0
],
"average_precision": [
0.6257860829809319,
0.0
],
"average_recall": [
0.3492350757427707,
0.0
],
"average_f1": [
0.4467973832500151,
0.0
]
}