{
"num_episodes": 1,
"wrong_reconstruction": [
0.038112522686025406,
0.0
],
"label_error": [
0.0,
0.0
],
"entity_error": [
0.09074410163339383,
0.0
],
"format_error": [
0.021778584392014518,
0.0
],
"entity_precision": [
0.655417406749556,
0.0
],
"entity_recall": [
0.656973293768546,
0.0
],
"entity_f1": [
0.6561944279786603,
0.0
],
"relation_precision": [
0.3152762730227519,
0.0
],
"relation_recall": [
0.29876796714579057,
0.0
],
"relation_f1": [
0.30680021085925147,
0.0
],
"entity_precision_no_type": [
0.7661338069863824,
0.0
],
"entity_recall_no_type": [
0.7679525222551928,
0.0
],
"entity_f1_no_type": [
0.7670420865441612,
0.0
]
}