{
"num_episodes": 1,
"muc_precision": [
0.6632653061224489,
0.0
],
"muc_recall": [
0.37790697674418605,
0.0
],
"muc_f1": [
0.4814814814814814,
0.0
],
"b_cubed_precision": [
0.6604926108374385,
0.0
],
"b_cubed_recall": [
0.35911239495798314,
0.0
],
"b_cubed_f1": [
0.4652607274026562,
0.0
],
"ceaf_precision": [
0.7374827300359215,
0.0
],
"ceaf_recall": [
0.3466168831168831,
0.0
],
"ceaf_f1": [
0.4715875960773919,
0.0
],
"average_precision": [
0.6870802156652696,
0.0
],
"average_recall": [
0.3612120849396841,
0.0
],
"average_f1": [
0.4727766016538432,
0.0
]
}