{
"num_episodes": 1,
"muc_precision": [
0.6702127659574468,
0.0
],
"muc_recall": [
0.36627906976744184,
0.0
],
"muc_f1": [
0.47368421052631576,
0.0
],
"b_cubed_precision": [
0.6710429242119383,
0.0
],
"b_cubed_recall": [
0.3378764005602241,
0.0
],
"b_cubed_f1": [
0.4494503421377875,
0.0
],
"ceaf_precision": [
0.6844850751100751,
0.0
],
"ceaf_recall": [
0.32855283605283603,
0.0
],
"ceaf_f1": [
0.44399031899031893,
0.0
],
"average_precision": [
0.67524692175982,
0.0
],
"average_recall": [
0.34423610212683403,
0.0
],
"average_f1": [
0.45570829055147405,
0.0
]
}