{
"num_episodes": 1,
"muc_precision": [
0.7272727272727273,
0.0
],
"muc_recall": [
0.3,
0.0
],
"muc_f1": [
0.42477876106194684,
0.0
],
"b_cubed_precision": [
0.7264895330112721,
0.0
],
"b_cubed_recall": [
0.26566188935120966,
0.0
],
"b_cubed_f1": [
0.389054689805484,
0.0
],
"ceaf_precision": [
0.6873095053095053,
0.0
],
"ceaf_recall": [
0.2643498097344251,
0.0
],
"ceaf_f1": [
0.3818386140608363,
0.0
],
"average_precision": [
0.7136905885311683,
0.0
],
"average_recall": [
0.27667056636187826,
0.0
],
"average_f1": [
0.3985573549760891,
0.0
]
}