{
"num_episodes": 1,
"wrong_reconstruction": [
0.014545454545454545,
0.0
],
"label_error": [
0.0,
0.0
],
"entity_error": [
0.07636363636363637,
0.0
],
"format_error": [
0.0036363636363636364,
0.0
],
"entity_precision": [
0.6534653465346535,
0.0
],
"entity_recall": [
0.6510480887792849,
0.0
],
"entity_f1": [
0.6522544780728845,
0.0
],
"relation_precision": [
0.32727272727272727,
0.0
],
"relation_recall": [
0.31648351648351647,
0.0
],
"relation_f1": [
0.3217877094972067,
0.0
],
"entity_precision_no_type": [
0.754950495049505,
0.0
],
"entity_recall_no_type": [
0.752157829839704,
0.0
],
"entity_f1_no_type": [
0.753551575046325,
0.0
]
}