{
"num_episodes": 1,
"muc_precision": [
0.6104651162790697,
0.0
],
"muc_recall": [
0.328125,
0.0
],
"muc_f1": [
0.4268292682926829,
0.0
],
"b_cubed_precision": [
0.6103144654088051,
0.0
],
"b_cubed_recall": [
0.3042610571736785,
0.0
],
"b_cubed_f1": [
0.4060789292268076,
0.0
],
"ceaf_precision": [
0.5975753742357157,
0.0
],
"ceaf_recall": [
0.28499748617395676,
0.0
],
"ceaf_f1": [
0.38593409586056643,
0.0
],
"average_precision": [
0.6061183186411968,
0.0
],
"average_recall": [
0.3057945144492118,
0.0
],
"average_f1": [
0.406280764460019,
0.0
]
}