{
"num_episodes": 1,
"wrong_reconstruction": [
0.03636363636363636,
0.0
],
"label_error": [
0.0036363636363636364,
0.0
],
"entity_error": [
0.10181818181818182,
0.0
],
"format_error": [
0.014545454545454545,
0.0
],
"entity_precision": [
0.6629213483146067,
0.0
],
"entity_recall": [
0.654747225647349,
0.0
],
"entity_f1": [
0.6588089330024813,
0.0
],
"relation_precision": [
0.2918552036199095,
0.0
],
"relation_recall": [
0.2835164835164835,
0.0
],
"relation_f1": [
0.2876254180602007,
0.0
],
"entity_precision_no_type": [
0.7727840199750312,
0.0
],
"entity_recall_no_type": [
0.7632552404438965,
0.0
],
"entity_f1_no_type": [
0.7679900744416873,
0.0
]
}