{
"num_episodes": 1,
"muc_precision": [
0.7116564417177914,
0.0
],
"muc_recall": [
0.3625,
0.0
],
"muc_f1": [
0.48033126293995865,
0.0
],
"b_cubed_precision": [
0.7024643320363164,
0.0
],
"b_cubed_recall": [
0.33243488981353064,
0.0
],
"b_cubed_f1": [
0.451297378310929,
0.0
],
"ceaf_precision": [
0.6799050935158569,
0.0
],
"ceaf_recall": [
0.32774912200251566,
0.0
],
"ceaf_f1": [
0.4422912027023568,
0.0
],
"average_precision": [
0.6980086224233216,
0.0
],
"average_recall": [
0.3408946706053488,
0.0
],
"average_f1": [
0.45797328131774817,
0.0
]
}