{
"num_episodes": 1,
"wrong_reconstruction": [
0.04727272727272727,
0.0
],
"label_error": [
0.0,
0.0
],
"entity_error": [
0.09818181818181818,
0.0
],
"format_error": [
0.014545454545454545,
0.0
],
"entity_precision": [
0.6737766624843162,
0.0
],
"entity_recall": [
0.6621454993834772,
0.0
],
"entity_f1": [
0.667910447761194,
0.0
],
"relation_precision": [
0.35732647814910024,
0.0
],
"relation_recall": [
0.3054945054945055,
0.0
],
"relation_f1": [
0.3293838862559242,
0.0
],
"entity_precision_no_type": [
0.7867001254705144,
0.0
],
"entity_recall_no_type": [
0.7731196054254007,
0.0
],
"entity_f1_no_type": [
0.7798507462686567,
0.0
]
}