{
"num_episodes": 1,
"wrong_reconstruction": [
0.043557168784029036,
0.0
],
"label_error": [
0.0,
0.0
],
"entity_error": [
0.07441016333938294,
0.0
],
"format_error": [
0.019963702359346643,
0.0
],
"entity_precision": [
0.6621951219512195,
0.0
],
"entity_recall": [
0.6445103857566765,
0.0
],
"entity_f1": [
0.6532330827067669,
0.0
],
"relation_precision": [
0.34047919293820933,
0.0
],
"relation_recall": [
0.27720739219712526,
0.0
],
"relation_f1": [
0.30560271646859083,
0.0
],
"entity_precision_no_type": [
0.7810975609756098,
0.0
],
"entity_recall_no_type": [
0.7602373887240356,
0.0
],
"entity_f1_no_type": [
0.7705263157894737,
0.0
]
}