{
"num_episodes": 1,
"wrong_reconstruction": [
0.045372050816696916,
0.0
],
"label_error": [
0.0,
0.0
],
"entity_error": [
0.0780399274047187,
0.0
],
"format_error": [
0.023593466424682397,
0.0
],
"entity_precision": [
0.6402660217654171,
0.0
],
"entity_recall": [
0.628486646884273,
0.0
],
"entity_f1": [
0.6343216531895778,
0.0
],
"relation_precision": [
0.3135498320268757,
0.0
],
"relation_recall": [
0.2874743326488706,
0.0
],
"relation_f1": [
0.29994643813604716,
0.0
],
"entity_precision_no_type": [
0.7660217654171705,
0.0
],
"entity_recall_no_type": [
0.7519287833827893,
0.0
],
"entity_f1_no_type": [
0.7589098532494758,
0.0
]
}