{
"num_episodes": 1,
"muc_precision": [
0.6320754716981132,
0.0
],
"muc_recall": [
0.38953488372093026,
0.0
],
"muc_f1": [
0.48201438848920863,
0.0
],
"b_cubed_precision": [
0.6027188940092165,
0.0
],
"b_cubed_recall": [
0.36542366946778715,
0.0
],
"b_cubed_f1": [
0.4549903252170066,
0.0
],
"ceaf_precision": [
0.6614983655799981,
0.0
],
"ceaf_recall": [
0.32413419913419905,
0.0
],
"ceaf_f1": [
0.4350794619250994,
0.0
],
"average_precision": [
0.632097577095776,
0.0
],
"average_recall": [
0.35969758410763886,
0.0
],
"average_f1": [
0.45736139187710484,
0.0
]
}