{
"num_episodes": 1,
"muc_precision": [
0.572139303482587,
0.0
],
"muc_recall": [
0.359375,
0.0
],
"muc_f1": [
0.44145873320537427,
0.0
],
"b_cubed_precision": [
0.5865572315882875,
0.0
],
"b_cubed_recall": [
0.34214825088611506,
0.0
],
"b_cubed_f1": [
0.43219198038505385,
0.0
],
"ceaf_precision": [
0.5839506304746948,
0.0
],
"ceaf_recall": [
0.36234885275609263,
0.0
],
"ceaf_f1": [
0.4472026980217599,
0.0
],
"average_precision": [
0.5808823885151898,
0.0
],
"average_recall": [
0.35462403454740254,
0.0
],
"average_f1": [
0.440284470537396,
0.0
]
}