{
"num_episodes": 1,
"wrong_reconstruction": [
0.041742286751361164,
0.0
],
"label_error": [
0.0,
0.0
],
"entity_error": [
0.10707803992740472,
0.0
],
"format_error": [
0.036297640653357534,
0.0
],
"entity_precision": [
0.630868544600939,
0.0
],
"entity_recall": [
0.6379821958456974,
0.0
],
"entity_f1": [
0.634405429330186,
0.0
],
"relation_precision": [
0.296655879180151,
0.0
],
"relation_recall": [
0.28234086242299794,
0.0
],
"relation_f1": [
0.289321409784324,
0.0
],
"entity_precision_no_type": [
0.7582159624413145,
0.0
],
"entity_recall_no_type": [
0.7667655786350148,
0.0
],
"entity_f1_no_type": [
0.7624668043670698,
0.0
]
}