{
"num_episodes": 1,
"muc_precision": [
0.7218543046357616,
0.0
],
"muc_recall": [
0.340625,
0.0
],
"muc_f1": [
0.46284501061571126,
0.0
],
"b_cubed_precision": [
0.7131610942249239,
0.0
],
"b_cubed_recall": [
0.3069332716905533,
0.0
],
"b_cubed_f1": [
0.42916199756956175,
0.0
],
"ceaf_precision": [
0.6803465830776755,
0.0
],
"ceaf_recall": [
0.2930723742488448,
0.0
],
"ceaf_f1": [
0.4096710607779551,
0.0
],
"average_precision": [
0.7051206606461203,
0.0
],
"average_recall": [
0.313543548646466,
0.0
],
"average_f1": [
0.43389268965440936,
0.0
]
}