{
"num_episodes": 1,
"muc_precision": [
0.574468085106383,
0.0
],
"muc_recall": [
0.3375,
0.0
],
"muc_f1": [
0.4251968503937008,
0.0
],
"b_cubed_precision": [
0.5885521885521886,
0.0
],
"b_cubed_recall": [
0.3211912467252273,
0.0
],
"b_cubed_f1": [
0.4155848866253013,
0.0
],
"ceaf_precision": [
0.6124718388884606,
0.0
],
"ceaf_recall": [
0.34235605353252413,
0.0
],
"ceaf_f1": [
0.43920677920290924,
0.0
],
"average_precision": [
0.5918307041823442,
0.0
],
"average_recall": [
0.33368243341925047,
0.0
],
"average_f1": [
0.4266628387406371,
0.0
]
}