{
"num_episodes": 1,
"muc_precision": [
0.6237623762376238,
0.0
],
"muc_recall": [
0.36627906976744184,
0.0
],
"muc_f1": [
0.46153846153846156,
0.0
],
"b_cubed_precision": [
0.6418776371308018,
0.0
],
"b_cubed_recall": [
0.36024159663865546,
0.0
],
"b_cubed_f1": [
0.46148405709543233,
0.0
],
"ceaf_precision": [
0.6562656641604009,
0.0
],
"ceaf_recall": [
0.3740714285714285,
0.0
],
"ceaf_f1": [
0.47652411282984525,
0.0
],
"average_precision": [
0.6406352258429422,
0.0
],
"average_recall": [
0.3668640316591752,
0.0
],
"average_f1": [
0.4665155438212463,
0.0
]
}