{
"num_episodes": 1,
"muc_precision": [
0.6413043478260869,
0.0
],
"muc_recall": [
0.3430232558139535,
0.0
],
"muc_f1": [
0.44696969696969696,
0.0
],
"b_cubed_precision": [
0.6011099176512709,
0.0
],
"b_cubed_recall": [
0.3107405462184875,
0.0
],
"b_cubed_f1": [
0.4096926668339897,
0.0
],
"ceaf_precision": [
0.666552282405941,
0.0
],
"ceaf_recall": [
0.2732864357864358,
0.0
],
"ceaf_f1": [
0.38764033444884505,
0.0
],
"average_precision": [
0.6363221826277662,
0.0
],
"average_recall": [
0.3090167459396256,
0.0
],
"average_f1": [
0.4147675660841772,
0.0
]
}