{
"num_episodes": 1,
"muc_precision": [
0.6604938271604939,
0.0
],
"muc_recall": [
0.334375,
0.0
],
"muc_f1": [
0.4439834024896266,
0.0
],
"b_cubed_precision": [
0.6698412698412699,
0.0
],
"b_cubed_recall": [
0.3036507936507936,
0.0
],
"b_cubed_f1": [
0.4178726069481002,
0.0
],
"ceaf_precision": [
0.6407345460375763,
0.0
],
"ceaf_recall": [
0.32529600029600025,
0.0
],
"ceaf_f1": [
0.43151510243346974,
0.0
],
"average_precision": [
0.6570232143464466,
0.0
],
"average_recall": [
0.3211072646489313,
0.0
],
"average_f1": [
0.4311237039570655,
0.0
]
}