{
"num_episodes": 1,
"wrong_reconstruction": [
0.01818181818181818,
0.0
],
"label_error": [
0.0,
0.0
],
"entity_error": [
0.09818181818181818,
0.0
],
"format_error": [
0.007272727272727273,
0.0
],
"entity_precision": [
0.674937965260546,
0.0
],
"entity_recall": [
0.6707768187422934,
0.0
],
"entity_f1": [
0.6728509585652442,
0.0
],
"relation_precision": [
0.3181818181818182,
0.0
],
"relation_recall": [
0.27692307692307694,
0.0
],
"relation_f1": [
0.2961222091656875,
0.0
],
"entity_precision_no_type": [
0.7729528535980149,
0.0
],
"entity_recall_no_type": [
0.7681874229346486,
0.0
],
"entity_f1_no_type": [
0.7705627705627706,
0.0
]
}