{
"num_episodes": 1,
"wrong_reconstruction": [
0.02181818181818182,
0.0
],
"label_error": [
0.0,
0.0
],
"entity_error": [
0.08727272727272728,
0.0
],
"format_error": [
0.01090909090909091,
0.0
],
"entity_precision": [
0.6857506361323156,
0.0
],
"entity_recall": [
0.6646115906288532,
0.0
],
"entity_f1": [
0.6750156543519099,
0.0
],
"relation_precision": [
0.33418367346938777,
0.0
],
"relation_recall": [
0.2879120879120879,
0.0
],
"relation_f1": [
0.30932703659976385,
0.0
],
"entity_precision_no_type": [
0.7837150127226463,
0.0
],
"entity_recall_no_type": [
0.7595561035758323,
0.0
],
"entity_f1_no_type": [
0.7714464621164683,
0.0
]
}