{
"num_episodes": 1,
"wrong_reconstruction": [
0.047186932849364795,
0.0
],
"label_error": [
0.0,
0.0
],
"entity_error": [
0.06896551724137931,
0.0
],
"format_error": [
0.023593466424682397,
0.0
],
"entity_precision": [
0.6515513126491647,
0.0
],
"entity_recall": [
0.6480712166172107,
0.0
],
"entity_f1": [
0.6498066051770306,
0.0
],
"relation_precision": [
0.33291925465838507,
0.0
],
"relation_recall": [
0.2751540041067762,
0.0
],
"relation_f1": [
0.3012928611579539,
0.0
],
"entity_precision_no_type": [
0.7696897374701671,
0.0
],
"entity_recall_no_type": [
0.7655786350148368,
0.0
],
"entity_f1_no_type": [
0.7676286819398989,
0.0
]
}