{
"num_episodes": 1,
"muc_precision": [
0.6043956043956044,
0.0
],
"muc_recall": [
0.34375,
0.0
],
"muc_f1": [
0.43824701195219123,
0.0
],
"b_cubed_precision": [
0.6134032634032633,
0.0
],
"b_cubed_recall": [
0.31455694251810756,
0.0
],
"b_cubed_f1": [
0.4158588996285239,
0.0
],
"ceaf_precision": [
0.6060409769968593,
0.0
],
"ceaf_recall": [
0.32322185439832496,
0.0
],
"ceaf_f1": [
0.42159372312824994,
0.0
],
"average_precision": [
0.6079466149319089,
0.0
],
"average_recall": [
0.32717626563881086,
0.0
],
"average_f1": [
0.42523321156965505,
0.0
]
}