{
"num_episodes": 1,
"wrong_reconstruction": [
0.041742286751361164,
0.0
],
"label_error": [
0.003629764065335753,
0.0
],
"entity_error": [
0.07259528130671507,
0.0
],
"format_error": [
0.023593466424682397,
0.0
],
"entity_precision": [
0.6517323775388292,
0.0
],
"entity_recall": [
0.6474777448071216,
0.0
],
"entity_f1": [
0.6495980946710331,
0.0
],
"relation_precision": [
0.3734610123119015,
0.0
],
"relation_recall": [
0.2802874743326489,
0.0
],
"relation_f1": [
0.32023460410557186,
0.0
],
"entity_precision_no_type": [
0.7718040621266428,
0.0
],
"entity_recall_no_type": [
0.7667655786350148,
0.0
],
"entity_f1_no_type": [
0.7692765704078595,
0.0
]
}