{
"num_episodes": 1,
"wrong_reconstruction": [
0.030852994555353903,
0.0
],
"label_error": [
0.0018148820326678765,
0.0
],
"entity_error": [
0.07441016333938294,
0.0
],
"format_error": [
0.025408348457350273,
0.0
],
"entity_precision": [
0.6696375519904931,
0.0
],
"entity_recall": [
0.6688427299703265,
0.0
],
"entity_f1": [
0.6692399049881236,
0.0
],
"relation_precision": [
0.352803738317757,
0.0
],
"relation_recall": [
0.31006160164271046,
0.0
],
"relation_f1": [
0.3300546448087432,
0.0
],
"entity_precision_no_type": [
0.7837195484254308,
0.0
],
"entity_recall_no_type": [
0.7827893175074184,
0.0
],
"entity_f1_no_type": [
0.7832541567695962,
0.0
]
}