{
"num_episodes": 1,
"muc_precision": [
0.5581395348837209,
0.0
],
"muc_recall": [
0.3,
0.0
],
"muc_f1": [
0.3902439024390244,
0.0
],
"b_cubed_precision": [
0.5873543123543123,
0.0
],
"b_cubed_recall": [
0.2822314686392356,
0.0
],
"b_cubed_f1": [
0.38126168530020127,
0.0
],
"ceaf_precision": [
0.5470150792906211,
0.0
],
"ceaf_recall": [
0.31979343096990154,
0.0
],
"ceaf_f1": [
0.4036227769523029,
0.0
],
"average_precision": [
0.5641696421762181,
0.0
],
"average_recall": [
0.30067496653637904,
0.0
],
"average_f1": [
0.3917094548971762,
0.0
]
}