{
"num_episodes": 1,
"wrong_reconstruction": [
0.034482758620689655,
0.0
],
"label_error": [
0.003629764065335753,
0.0
],
"entity_error": [
0.056261343012704176,
0.0
],
"format_error": [
0.023593466424682397,
0.0
],
"entity_precision": [
0.657445556209535,
0.0
],
"entity_recall": [
0.6629080118694362,
0.0
],
"entity_f1": [
0.6601654846335697,
0.0
],
"relation_precision": [
0.3527315914489311,
0.0
],
"relation_recall": [
0.3049281314168378,
0.0
],
"relation_f1": [
0.32709251101321585,
0.0
],
"entity_precision_no_type": [
0.7692760447321955,
0.0
],
"entity_recall_no_type": [
0.7756676557863501,
0.0
],
"entity_f1_no_type": [
0.7724586288416075,
0.0
]
}