{
"num_episodes": 1,
"wrong_reconstruction": [
0.032667876588021776,
0.0
],
"label_error": [
0.0,
0.0
],
"entity_error": [
0.06170598911070781,
0.0
],
"format_error": [
0.025408348457350273,
0.0
],
"entity_precision": [
0.652449567723343,
0.0
],
"entity_recall": [
0.6718100890207716,
0.0
],
"entity_f1": [
0.6619883040935672,
0.0
],
"relation_precision": [
0.34265734265734266,
0.0
],
"relation_recall": [
0.30184804928131415,
0.0
],
"relation_f1": [
0.3209606986899563,
0.0
],
"entity_precision_no_type": [
0.768299711815562,
0.0
],
"entity_recall_no_type": [
0.7910979228486646,
0.0
],
"entity_f1_no_type": [
0.7795321637426901,
0.0
]
}