{
"num_episodes": 1,
"wrong_reconstruction": [
0.038112522686025406,
0.0
],
"label_error": [
0.0018148820326678765,
0.0
],
"entity_error": [
0.0780399274047187,
0.0
],
"format_error": [
0.030852994555353903,
0.0
],
"entity_precision": [
0.6491329479768786,
0.0
],
"entity_recall": [
0.6664688427299703,
0.0
],
"entity_f1": [
0.6576866764275257,
0.0
],
"relation_precision": [
0.338860103626943,
0.0
],
"relation_recall": [
0.33572895277207393,
0.0
],
"relation_f1": [
0.3372872614749871,
0.0
],
"entity_precision_no_type": [
0.7647398843930636,
0.0
],
"entity_recall_no_type": [
0.7851632047477745,
0.0
],
"entity_f1_no_type": [
0.7748169838945828,
0.0
]
}