{
"num_episodes": 1,
"muc_precision": [
0.6745562130177515,
0.0
],
"muc_recall": [
0.35625,
0.0
],
"muc_f1": [
0.4662576687116564,
0.0
],
"b_cubed_precision": [
0.669311159578335,
0.0
],
"b_cubed_recall": [
0.328371089536138,
0.0
],
"b_cubed_f1": [
0.440586038098822,
0.0
],
"ceaf_precision": [
0.6538110336497432,
0.0
],
"ceaf_recall": [
0.31181756989449294,
0.0
],
"ceaf_f1": [
0.42225295923212586,
0.0
],
"average_precision": [
0.6658928020819431,
0.0
],
"average_recall": [
0.3321462198102103,
0.0
],
"average_f1": [
0.4430322220142014,
0.0
]
}