{
"num_episodes": 1,
"muc_precision": [
0.625,
0.0
],
"muc_recall": [
0.34375,
0.0
],
"muc_f1": [
0.4435483870967742,
0.0
],
"b_cubed_precision": [
0.6188956433637285,
0.0
],
"b_cubed_recall": [
0.3066974880567113,
0.0
],
"b_cubed_f1": [
0.4101450902030887,
0.0
],
"ceaf_precision": [
0.579353848457622,
0.0
],
"ceaf_recall": [
0.3149308099308099,
0.0
],
"ceaf_f1": [
0.40804988662131514,
0.0
],
"average_precision": [
0.6077498306071168,
0.0
],
"average_recall": [
0.3217927659958404,
0.0
],
"average_f1": [
0.4205811213070594,
0.0
]
}