{
"num_episodes": 1,
"wrong_reconstruction": [
0.025454545454545455,
0.0
],
"label_error": [
0.0,
0.0
],
"entity_error": [
0.08363636363636363,
0.0
],
"format_error": [
0.025454545454545455,
0.0
],
"entity_precision": [
0.6461538461538462,
0.0
],
"entity_recall": [
0.6732429099876696,
0.0
],
"entity_f1": [
0.6594202898550725,
0.0
],
"relation_precision": [
0.3195402298850575,
0.0
],
"relation_recall": [
0.3054945054945055,
0.0
],
"relation_f1": [
0.31235955056179776,
0.0
],
"entity_precision_no_type": [
0.7455621301775148,
0.0
],
"entity_recall_no_type": [
0.7768187422934648,
0.0
],
"entity_f1_no_type": [
0.7608695652173914,
0.0
]
}