{
"num_episodes": 1,
"muc_precision": [
0.6565656565656566,
0.0
],
"muc_recall": [
0.37790697674418605,
0.0
],
"muc_f1": [
0.4797047970479705,
0.0
],
"b_cubed_precision": [
0.6536113774368808,
0.0
],
"b_cubed_recall": [
0.3506214985994398,
0.0
],
"b_cubed_f1": [
0.4564084807959916,
0.0
],
"ceaf_precision": [
0.6986204906204905,
0.0
],
"ceaf_recall": [
0.34931024531024524,
0.0
],
"ceaf_f1": [
0.4657469937469937,
0.0
],
"average_precision": [
0.6695991748743427,
0.0
],
"average_recall": [
0.35927957355129037,
0.0
],
"average_f1": [
0.4672867571969852,
0.0
]
}