{
"num_episodes": 1,
"muc_precision": [
0.6842105263157895,
0.0
],
"muc_recall": [
0.365625,
0.0
],
"muc_f1": [
0.47657841140529533,
0.0
],
"b_cubed_precision": [
0.6772839506172839,
0.0
],
"b_cubed_recall": [
0.3363368777931885,
0.0
],
"b_cubed_f1": [
0.44946899855496264,
0.0
],
"ceaf_precision": [
0.6481311716605835,
0.0
],
"ceaf_recall": [
0.32905121022768086,
0.0
],
"ceaf_f1": [
0.4364965033632502,
0.0
],
"average_precision": [
0.6698752161978856,
0.0
],
"average_recall": [
0.34367102934028976,
0.0
],
"average_f1": [
0.4541813044411694,
0.0
]
}