{
"num_episodes": 1,
"wrong_reconstruction": [
0.02181818181818182,
0.0
],
"label_error": [
0.0,
0.0
],
"entity_error": [
0.09454545454545454,
0.0
],
"format_error": [
0.0036363636363636364,
0.0
],
"entity_precision": [
0.6603995299647474,
0.0
],
"entity_recall": [
0.6929716399506781,
0.0
],
"entity_f1": [
0.6762936221419975,
0.0
],
"relation_precision": [
0.2701525054466231,
0.0
],
"relation_recall": [
0.2725274725274725,
0.0
],
"relation_f1": [
0.2713347921225383,
0.0
],
"entity_precision_no_type": [
0.7602820211515864,
0.0
],
"entity_recall_no_type": [
0.7977805178791615,
0.0
],
"entity_f1_no_type": [
0.7785800240673887,
0.0
]
}