{
"num_episodes": 1,
"muc_precision": [
0.686046511627907,
0.0
],
"muc_recall": [
0.3430232558139535,
0.0
],
"muc_f1": [
0.4573643410852713,
0.0
],
"b_cubed_precision": [
0.6598006644518272,
0.0
],
"b_cubed_recall": [
0.3193802521008404,
0.0
],
"b_cubed_f1": [
0.4304154604867488,
0.0
],
"ceaf_precision": [
0.711357763683345,
0.0
],
"ceaf_recall": [
0.30588383838383837,
0.0
],
"ceaf_f1": [
0.4278095641732005,
0.0
],
"average_precision": [
0.6857349799210265,
0.0
],
"average_recall": [
0.32276244876621074,
0.0
],
"average_f1": [
0.43852978858174013,
0.0
]
}