{
"num_episodes": 1,
"wrong_reconstruction": [
0.041742286751361164,
0.0
],
"label_error": [
0.0018148820326678765,
0.0
],
"entity_error": [
0.07078039927404718,
0.0
],
"format_error": [
0.023593466424682397,
0.0
],
"entity_precision": [
0.670545009185548,
0.0
],
"entity_recall": [
0.6498516320474778,
0.0
],
"entity_f1": [
0.6600361663652803,
0.0
],
"relation_precision": [
0.3621683967704729,
0.0
],
"relation_recall": [
0.32238193018480493,
0.0
],
"relation_f1": [
0.3411189570885389,
0.0
],
"entity_precision_no_type": [
0.7856705450091855,
0.0
],
"entity_recall_no_type": [
0.7614243323442137,
0.0
],
"entity_f1_no_type": [
0.7733574442435202,
0.0
]
}