{
"num_episodes": 1,
"wrong_reconstruction": [
0.025454545454545455,
0.0
],
"label_error": [
0.0,
0.0
],
"entity_error": [
0.06181818181818182,
0.0
],
"format_error": [
0.01090909090909091,
0.0
],
"entity_precision": [
0.6735436893203883,
0.0
],
"entity_recall": [
0.6843403205918619,
0.0
],
"entity_f1": [
0.6788990825688073,
0.0
],
"relation_precision": [
0.3333333333333333,
0.0
],
"relation_recall": [
0.3120879120879121,
0.0
],
"relation_f1": [
0.322360953461975,
0.0
],
"entity_precision_no_type": [
0.7645631067961165,
0.0
],
"entity_recall_no_type": [
0.7768187422934648,
0.0
],
"entity_f1_no_type": [
0.7706422018348623,
0.0
]
}