{
"num_episodes": 1,
"muc_precision": [
0.6363636363636364,
0.0
],
"muc_recall": [
0.36627906976744184,
0.0
],
"muc_f1": [
0.4649446494464944,
0.0
],
"b_cubed_precision": [
0.6445859872611466,
0.0
],
"b_cubed_recall": [
0.3536852240896359,
0.0
],
"b_cubed_f1": [
0.45675070413182084,
0.0
],
"ceaf_precision": [
0.669559176455728,
0.0
],
"ceaf_recall": [
0.38834432234432226,
0.0
],
"ceaf_f1": [
0.4915750915750915,
0.0
],
"average_precision": [
0.650169600026837,
0.0
],
"average_recall": [
0.3694362054004667,
0.0
],
"average_f1": [
0.47109014838446894,
0.0
]
}