{
"num_episodes": 1,
"wrong_reconstruction": [
0.02181818181818182,
0.0
],
"label_error": [
0.0,
0.0
],
"entity_error": [
0.08363636363636363,
0.0
],
"format_error": [
0.007272727272727273,
0.0
],
"entity_precision": [
0.6695226438188494,
0.0
],
"entity_recall": [
0.6744759556103576,
0.0
],
"entity_f1": [
0.671990171990172,
0.0
],
"relation_precision": [
0.3473193473193473,
0.0
],
"relation_recall": [
0.3274725274725275,
0.0
],
"relation_f1": [
0.33710407239819007,
0.0
],
"entity_precision_no_type": [
0.7637698898408812,
0.0
],
"entity_recall_no_type": [
0.7694204685573366,
0.0
],
"entity_f1_no_type": [
0.7665847665847666,
0.0
]
}