{
"num_episodes": 1,
"muc_precision": [
0.631578947368421,
0.0
],
"muc_recall": [
0.3488372093023256,
0.0
],
"muc_f1": [
0.44943820224719105,
0.0
],
"b_cubed_precision": [
0.6335616438356164,
0.0
],
"b_cubed_recall": [
0.3232317927170869,
0.0
],
"b_cubed_f1": [
0.4280699639236926,
0.0
],
"ceaf_precision": [
0.6248578219166454,
0.0
],
"ceaf_recall": [
0.31867748917748917,
0.0
],
"ceaf_f1": [
0.4220893896390585,
0.0
],
"average_precision": [
0.6299994710402276,
0.0
],
"average_recall": [
0.3302488303989672,
0.0
],
"average_f1": [
0.43319918526998075,
0.0
]
}