{
"num_episodes": 1,
"wrong_reconstruction": [
0.02181818181818182,
0.0
],
"label_error": [
0.0,
0.0
],
"entity_error": [
0.05818181818181818,
0.0
],
"format_error": [
0.007272727272727273,
0.0
],
"entity_precision": [
0.6607565011820331,
0.0
],
"entity_recall": [
0.689272503082614,
0.0
],
"entity_f1": [
0.6747133373566686,
0.0
],
"relation_precision": [
0.31125827814569534,
0.0
],
"relation_recall": [
0.3098901098901099,
0.0
],
"relation_f1": [
0.31057268722466963,
0.0
],
"entity_precision_no_type": [
0.7588652482269503,
0.0
],
"entity_recall_no_type": [
0.7916152897657214,
0.0
],
"entity_f1_no_type": [
0.7748943874471937,
0.0
]
}