{
"num_episodes": 1,
"muc_precision": [
0.7176470588235294,
0.0
],
"muc_recall": [
0.3546511627906977,
0.0
],
"muc_f1": [
0.47470817120622566,
0.0
],
"b_cubed_precision": [
0.7250645994832042,
0.0
],
"b_cubed_recall": [
0.3300945378151261,
0.0
],
"b_cubed_f1": [
0.4536564303756735,
0.0
],
"ceaf_precision": [
0.741745375836285,
0.0
],
"ceaf_recall": [
0.32636796536796536,
0.0
],
"ceaf_f1": [
0.45328884078884085,
0.0
],
"average_precision": [
0.7281523447143395,
0.0
],
"average_recall": [
0.3370378886579297,
0.0
],
"average_f1": [
0.46055114745691333,
0.0
]
}