{
"num_episodes": 1,
"muc_precision": [
0.7295081967213115,
0.0
],
"muc_recall": [
0.278125,
0.0
],
"muc_f1": [
0.40271493212669685,
0.0
],
"b_cubed_precision": [
0.7262019230769231,
0.0
],
"b_cubed_recall": [
0.2504422869471413,
0.0
],
"b_cubed_f1": [
0.37244201836063784,
0.0
],
"ceaf_precision": [
0.6503351622537668,
0.0
],
"ceaf_recall": [
0.28681448181448177,
0.0
],
"ceaf_f1": [
0.39806992137952985,
0.0
],
"average_precision": [
0.7020150940173338,
0.0
],
"average_recall": [
0.27179392292054105,
0.0
],
"average_f1": [
0.3910756239556215,
0.0
]
}