{
"num_episodes": 1,
"wrong_reconstruction": [
0.02181818181818182,
0.0
],
"label_error": [
0.0,
0.0
],
"entity_error": [
0.06545454545454546,
0.0
],
"format_error": [
0.01090909090909091,
0.0
],
"entity_precision": [
0.663924794359577,
0.0
],
"entity_recall": [
0.6966707768187423,
0.0
],
"entity_f1": [
0.6799037304452467,
0.0
],
"relation_precision": [
0.3225058004640371,
0.0
],
"relation_recall": [
0.3054945054945055,
0.0
],
"relation_f1": [
0.3137697516930023,
0.0
],
"entity_precision_no_type": [
0.7567567567567568,
0.0
],
"entity_recall_no_type": [
0.7940813810110974,
0.0
],
"entity_f1_no_type": [
0.7749699157641395,
0.0
]
}