{
"num_episodes": 1,
"wrong_reconstruction": [
0.02909090909090909,
0.0
],
"label_error": [
0.0,
0.0
],
"entity_error": [
0.07272727272727272,
0.0
],
"format_error": [
0.01090909090909091,
0.0
],
"entity_precision": [
0.6621951219512195,
0.0
],
"entity_recall": [
0.6695437731196054,
0.0
],
"entity_f1": [
0.6658491722869406,
0.0
],
"relation_precision": [
0.2966804979253112,
0.0
],
"relation_recall": [
0.3142857142857143,
0.0
],
"relation_f1": [
0.3052294557097118,
0.0
],
"entity_precision_no_type": [
0.7658536585365854,
0.0
],
"entity_recall_no_type": [
0.7743526510480888,
0.0
],
"entity_f1_no_type": [
0.7700797057020233,
0.0
]
}