{
"num_episodes": 1,
"muc_precision": [
0.6982248520710059,
0.0
],
"muc_recall": [
0.36875,
0.0
],
"muc_f1": [
0.48261758691206547,
0.0
],
"b_cubed_precision": [
0.6972636815920398,
0.0
],
"b_cubed_recall": [
0.3291339189397442,
0.0
],
"b_cubed_f1": [
0.4471817314028013,
0.0
],
"ceaf_precision": [
0.6599644001604786,
0.0
],
"ceaf_recall": [
0.335058849312243,
0.0
],
"ceaf_f1": [
0.44446582051624073,
0.0
],
"average_precision": [
0.6851509779411747,
0.0
],
"average_recall": [
0.34431425608399574,
0.0
],
"average_f1": [
0.45808837961036913,
0.0
]
}