{
"num_episodes": 1,
"wrong_reconstruction": [
0.038112522686025406,
0.0
],
"label_error": [
0.0,
0.0
],
"entity_error": [
0.07985480943738657,
0.0
],
"format_error": [
0.025408348457350273,
0.0
],
"entity_precision": [
0.6672760511882998,
0.0
],
"entity_recall": [
0.6498516320474778,
0.0
],
"entity_f1": [
0.6584485868911606,
0.0
],
"relation_precision": [
0.3632075471698113,
0.0
],
"relation_recall": [
0.3162217659137577,
0.0
],
"relation_f1": [
0.3380900109769484,
0.0
],
"entity_precision_no_type": [
0.7800121876904327,
0.0
],
"entity_recall_no_type": [
0.7596439169139466,
0.0
],
"entity_f1_no_type": [
0.7696933253156945,
0.0
]
}