{
"num_episodes": 1,
"muc_precision": [
0.7039473684210527,
0.0
],
"muc_recall": [
0.334375,
0.0
],
"muc_f1": [
0.45338983050847453,
0.0
],
"b_cubed_precision": [
0.706569847856155,
0.0
],
"b_cubed_recall": [
0.311399291108029,
0.0
],
"b_cubed_f1": [
0.43228294713255716,
0.0
],
"ceaf_precision": [
0.6897356810773864,
0.0
],
"ceaf_recall": [
0.3148024390558327,
0.0
],
"ceaf_f1": [
0.43229912405554494,
0.0
],
"average_precision": [
0.700084299118198,
0.0
],
"average_recall": [
0.3201922433879539,
0.0
],
"average_f1": [
0.4393239672321922,
0.0
]
}