{
"num_episodes": 1,
"wrong_reconstruction": [
0.038112522686025406,
0.0
],
"label_error": [
0.0,
0.0
],
"entity_error": [
0.06715063520871144,
0.0
],
"format_error": [
0.025408348457350273,
0.0
],
"entity_precision": [
0.6670665866826635,
0.0
],
"entity_recall": [
0.6599406528189911,
0.0
],
"entity_f1": [
0.6634844868735084,
0.0
],
"relation_precision": [
0.38247011952191234,
0.0
],
"relation_recall": [
0.29568788501026694,
0.0
],
"relation_f1": [
0.3335263462651997,
0.0
],
"entity_precision_no_type": [
0.7786442711457708,
0.0
],
"entity_recall_no_type": [
0.770326409495549,
0.0
],
"entity_f1_no_type": [
0.7744630071599046,
0.0
]
}