{
"num_episodes": 1,
"muc_precision": [
0.6785714285714286,
0.0
],
"muc_recall": [
0.296875,
0.0
],
"muc_f1": [
0.41304347826086957,
0.0
],
"b_cubed_precision": [
0.6901018922852984,
0.0
],
"b_cubed_recall": [
0.2673878871937123,
0.0
],
"b_cubed_f1": [
0.3854346874113945,
0.0
],
"ceaf_precision": [
0.6475071744734665,
0.0
],
"ceaf_recall": [
0.29552891552891547,
0.0
],
"ceaf_f1": [
0.4058319614657642,
0.0
],
"average_precision": [
0.6720601651100645,
0.0
],
"average_recall": [
0.2865972675742093,
0.0
],
"average_f1": [
0.4014367090460094,
0.0
]
}