{
"num_episodes": 1,
"wrong_reconstruction": [
0.025454545454545455,
0.0
],
"label_error": [
0.0,
0.0
],
"entity_error": [
0.06909090909090909,
0.0
],
"format_error": [
0.01090909090909091,
0.0
],
"entity_precision": [
0.6612339930151339,
0.0
],
"entity_recall": [
0.7003699136868065,
0.0
],
"entity_f1": [
0.6802395209580838,
0.0
],
"relation_precision": [
0.32413793103448274,
0.0
],
"relation_recall": [
0.3098901098901099,
0.0
],
"relation_f1": [
0.31685393258426964,
0.0
],
"entity_precision_no_type": [
0.7636786961583236,
0.0
],
"entity_recall_no_type": [
0.8088779284833539,
0.0
],
"entity_f1_no_type": [
0.7856287425149701,
0.0
]
}