{
"num_episodes": 1,
"muc_precision": [
0.6904761904761905,
0.0
],
"muc_recall": [
0.3372093023255814,
0.0
],
"muc_f1": [
0.453125,
0.0
],
"b_cubed_precision": [
0.6872093023255814,
0.0
],
"b_cubed_recall": [
0.3101190476190476,
0.0
],
"b_cubed_f1": [
0.4273751856427055,
0.0
],
"ceaf_precision": [
0.6988712522045856,
0.0
],
"ceaf_recall": [
0.31449206349206354,
0.0
],
"ceaf_f1": [
0.43378215654077734,
0.0
],
"average_precision": [
0.6921855816687859,
0.0
],
"average_recall": [
0.3206068044788975,
0.0
],
"average_f1": [
0.43809411406116094,
0.0
]
}