{
"num_episodes": 1,
"wrong_reconstruction": [
0.039927404718693285,
0.0
],
"label_error": [
0.0018148820326678765,
0.0
],
"entity_error": [
0.08348457350272233,
0.0
],
"format_error": [
0.021778584392014518,
0.0
],
"entity_precision": [
0.6678899082568808,
0.0
],
"entity_recall": [
0.6480712166172107,
0.0
],
"entity_f1": [
0.6578313253012048,
0.0
],
"relation_precision": [
0.3040614709110867,
0.0
],
"relation_recall": [
0.28439425051334705,
0.0
],
"relation_f1": [
0.2938992042440318,
0.0
],
"entity_precision_no_type": [
0.7840978593272171,
0.0
],
"entity_recall_no_type": [
0.7608308605341246,
0.0
],
"entity_f1_no_type": [
0.772289156626506,
0.0
]
}