{
"num_episodes": 1,
"muc_precision": [
0.5740740740740741,
0.0
],
"muc_recall": [
0.36046511627906974,
0.0
],
"muc_f1": [
0.44285714285714284,
0.0
],
"b_cubed_precision": [
0.5505371660859466,
0.0
],
"b_cubed_recall": [
0.3392419467787115,
0.0
],
"b_cubed_f1": [
0.41980149296995173,
0.0
],
"ceaf_precision": [
0.556667439703154,
0.0
],
"ceaf_recall": [
0.31173376623376625,
0.0
],
"ceaf_f1": [
0.39965867465867466,
0.0
],
"average_precision": [
0.5604262266210581,
0.0
],
"average_recall": [
0.3371469430971825,
0.0
],
"average_f1": [
0.4207724368285897,
0.0
]
}