{
"num_episodes": 1,
"muc_precision": [
0.6601941747572816,
0.0
],
"muc_recall": [
0.3953488372093023,
0.0
],
"muc_f1": [
0.49454545454545457,
0.0
],
"b_cubed_precision": [
0.6353917050691245,
0.0
],
"b_cubed_recall": [
0.3815038515406163,
0.0
],
"b_cubed_f1": [
0.4767537455449008,
0.0
],
"ceaf_precision": [
0.7003052503052503,
0.0
],
"ceaf_recall": [
0.3641587301587301,
0.0
],
"ceaf_f1": [
0.479156223893066,
0.0
],
"average_precision": [
0.6652970433772187,
0.0
],
"average_recall": [
0.38033713963621624,
0.0
],
"average_f1": [
0.4834851413278071,
0.0
]
}