{
"num_episodes": 1,
"wrong_reconstruction": [
0.06545454545454546,
0.0
],
"label_error": [
0.0,
0.0
],
"entity_error": [
0.04727272727272727,
0.0
],
"format_error": [
0.014545454545454545,
0.0
],
"entity_precision": [
0.6464285714285715,
0.0
],
"entity_recall": [
0.6695437731196054,
0.0
],
"entity_f1": [
0.6577831617201697,
0.0
],
"relation_precision": [
0.26181818181818184,
0.0
],
"relation_recall": [
0.31648351648351647,
0.0
],
"relation_f1": [
0.2865671641791045,
0.0
],
"entity_precision_no_type": [
0.75,
0.0
],
"entity_recall_no_type": [
0.7768187422934648,
0.0
],
"entity_f1_no_type": [
0.7631738340399757,
0.0
]
}