{
"num_episodes": 1,
"muc_precision": [
0.6491228070175439,
0.0
],
"muc_recall": [
0.346875,
0.0
],
"muc_f1": [
0.4521384928716904,
0.0
],
"b_cubed_precision": [
0.6417022032693672,
0.0
],
"b_cubed_recall": [
0.3187132069656341,
0.0
],
"b_cubed_f1": [
0.4258968878286742,
0.0
],
"ceaf_precision": [
0.6378651804364357,
0.0
],
"ceaf_recall": [
0.31729703847350904,
0.0
],
"ceaf_f1": [
0.42378714042694704,
0.0
],
"average_precision": [
0.6428967302411156,
0.0
],
"average_recall": [
0.327628415146381,
0.0
],
"average_f1": [
0.4339408403757705,
0.0
]
}