{
"num_episodes": 1,
"wrong_reconstruction": [
0.045372050816696916,
0.0
],
"label_error": [
0.0018148820326678765,
0.0
],
"entity_error": [
0.06533575317604355,
0.0
],
"format_error": [
0.019963702359346643,
0.0
],
"entity_precision": [
0.6566125290023201,
0.0
],
"entity_recall": [
0.6718100890207716,
0.0
],
"entity_f1": [
0.664124376650044,
0.0
],
"relation_precision": [
0.33144796380090497,
0.0
],
"relation_recall": [
0.3008213552361396,
0.0
],
"relation_f1": [
0.3153928955866523,
0.0
],
"entity_precision_no_type": [
0.7662412993039444,
0.0
],
"entity_recall_no_type": [
0.7839762611275964,
0.0
],
"entity_f1_no_type": [
0.7750073335288941,
0.0
]
}