{
"num_episodes": 1,
"wrong_reconstruction": [
0.07622504537205081,
0.0
],
"label_error": [
0.0,
0.0
],
"entity_error": [
0.1161524500907441,
0.0
],
"format_error": [
0.045372050816696916,
0.0
],
"entity_precision": [
0.626984126984127,
0.0
],
"entity_recall": [
0.656379821958457,
0.0
],
"entity_f1": [
0.6413453174833286,
0.0
],
"relation_precision": [
0.2899896800825593,
0.0
],
"relation_recall": [
0.28850102669404515,
0.0
],
"relation_f1": [
0.2892434379825013,
0.0
],
"entity_precision_no_type": [
0.7454648526077098,
0.0
],
"entity_recall_no_type": [
0.7804154302670623,
0.0
],
"entity_f1_no_type": [
0.7625398666280082,
0.0
]
}