{
"num_episodes": 1,
"muc_precision": [
0.6629213483146067,
0.0
],
"muc_recall": [
0.3430232558139535,
0.0
],
"muc_f1": [
0.4521072796934865,
0.0
],
"b_cubed_precision": [
0.6782608695652175,
0.0
],
"b_cubed_recall": [
0.32488620448179273,
0.0
],
"b_cubed_f1": [
0.4393325869407605,
0.0
],
"ceaf_precision": [
0.6916070324233589,
0.0
],
"ceaf_recall": [
0.33888744588744585,
0.0
],
"ceaf_f1": [
0.45488247770126955,
0.0
],
"average_precision": [
0.6775964167677277,
0.0
],
"average_recall": [
0.3355989687277307,
0.0
],
"average_f1": [
0.44877411477850554,
0.0
]
}