{
"num_episodes": 1,
"wrong_reconstruction": [
0.034482758620689655,
0.0
],
"label_error": [
0.0,
0.0
],
"entity_error": [
0.06533575317604355,
0.0
],
"format_error": [
0.030852994555353903,
0.0
],
"entity_precision": [
0.643062751871042,
0.0
],
"entity_recall": [
0.6629080118694362,
0.0
],
"entity_f1": [
0.6528345996493279,
0.0
],
"relation_precision": [
0.3378684807256236,
0.0
],
"relation_recall": [
0.3059548254620123,
0.0
],
"relation_f1": [
0.32112068965517243,
0.0
],
"entity_precision_no_type": [
0.7576280944156591,
0.0
],
"entity_recall_no_type": [
0.7810089020771513,
0.0
],
"entity_f1_no_type": [
0.7691408533021624,
0.0
]
}