{
"num_episodes": 1,
"wrong_reconstruction": [
0.05263157894736842,
0.0
],
"label_error": [
0.0,
0.0
],
"entity_error": [
0.047186932849364795,
0.0
],
"format_error": [
0.021778584392014518,
0.0
],
"entity_precision": [
0.6353427895981087,
0.0
],
"entity_recall": [
0.6379821958456974,
0.0
],
"entity_f1": [
0.6366597571809298,
0.0
],
"relation_precision": [
0.3416666666666667,
0.0
],
"relation_recall": [
0.25256673511293637,
0.0
],
"relation_f1": [
0.29043683589138136,
0.0
],
"entity_precision_no_type": [
0.7588652482269503,
0.0
],
"entity_recall_no_type": [
0.7620178041543026,
0.0
],
"entity_f1_no_type": [
0.7604382588095944,
0.0
]
}