{
"num_episodes": 1,
"wrong_reconstruction": [
0.02909090909090909,
0.0
],
"label_error": [
0.0,
0.0
],
"entity_error": [
0.07272727272727272,
0.0
],
"format_error": [
0.025454545454545455,
0.0
],
"entity_precision": [
0.6829268292682927,
0.0
],
"entity_recall": [
0.655980271270037,
0.0
],
"entity_f1": [
0.669182389937107,
0.0
],
"relation_precision": [
0.340632603406326,
0.0
],
"relation_recall": [
0.3076923076923077,
0.0
],
"relation_f1": [
0.3233256351039261,
0.0
],
"entity_precision_no_type": [
0.7804878048780488,
0.0
],
"entity_recall_no_type": [
0.749691738594328,
0.0
],
"entity_f1_no_type": [
0.7647798742138365,
0.0
]
}