{
"num_episodes": 1,
"muc_precision": [
0.7048192771084337,
0.0
],
"muc_recall": [
0.365625,
0.0
],
"muc_f1": [
0.48148148148148145,
0.0
],
"b_cubed_precision": [
0.6890826873385012,
0.0
],
"b_cubed_recall": [
0.3330821390044691,
0.0
],
"b_cubed_f1": [
0.44908830657149573,
0.0
],
"ceaf_precision": [
0.6813316017599905,
0.0
],
"ceaf_recall": [
0.32144875570214937,
0.0
],
"ceaf_f1": [
0.4368118979924678,
0.0
],
"average_precision": [
0.6917445220689751,
0.0
],
"average_recall": [
0.3400519649022062,
0.0
],
"average_f1": [
0.45579389534848164,
0.0
]
}