{
"num_episodes": 1,
"muc_precision": [
0.6506024096385542,
0.0
],
"muc_recall": [
0.3375,
0.0
],
"muc_f1": [
0.4444444444444445,
0.0
],
"b_cubed_precision": [
0.6453713801042045,
0.0
],
"b_cubed_recall": [
0.3130174140853752,
0.0
],
"b_cubed_f1": [
0.42156686670309207,
0.0
],
"ceaf_precision": [
0.636982172919673,
0.0
],
"ceaf_recall": [
0.3135912235912236,
0.0
],
"ceaf_f1": [
0.42027689759648523,
0.0
],
"average_precision": [
0.6443186542208106,
0.0
],
"average_recall": [
0.3213695458921996,
0.0
],
"average_f1": [
0.42876273624800726,
0.0
]
}