{
"num_episodes": 1,
"wrong_reconstruction": [
0.039927404718693285,
0.0
],
"label_error": [
0.0,
0.0
],
"entity_error": [
0.07622504537205081,
0.0
],
"format_error": [
0.02722323049001815,
0.0
],
"entity_precision": [
0.668546365914787,
0.0
],
"entity_recall": [
0.6332344213649852,
0.0
],
"entity_f1": [
0.6504114599207559,
0.0
],
"relation_precision": [
0.3371069182389937,
0.0
],
"relation_recall": [
0.2751540041067762,
0.0
],
"relation_f1": [
0.3029960429621255,
0.0
],
"entity_precision_no_type": [
0.7919799498746867,
0.0
],
"entity_recall_no_type": [
0.7501483679525223,
0.0
],
"entity_f1_no_type": [
0.7704967997561719,
0.0
]
}