{
"num_episodes": 1,
"wrong_reconstruction": [
0.06181818181818182,
0.0
],
"label_error": [
0.0,
0.0
],
"entity_error": [
0.07272727272727272,
0.0
],
"format_error": [
0.025454545454545455,
0.0
],
"entity_precision": [
0.6623222748815166,
0.0
],
"entity_recall": [
0.689272503082614,
0.0
],
"entity_f1": [
0.6755287009063444,
0.0
],
"relation_precision": [
0.31092436974789917,
0.0
],
"relation_recall": [
0.3252747252747253,
0.0
],
"relation_f1": [
0.317937701396348,
0.0
],
"entity_precision_no_type": [
0.7571090047393365,
0.0
],
"entity_recall_no_type": [
0.7879161528976573,
0.0
],
"entity_f1_no_type": [
0.7722054380664654,
0.0
]
}